"Module_ID","Variant","Wave","Edge_ID","Node_1","Node_2","Edge_weight_primary","Edge_weight_sensitivity","Retained_primary","Retained_sensitivity","Sign_primary","Sign_sensitivity","Signed_difference","Absolute_difference","Retained_status_changed","Sign_reversed","Robustness_status","Estimation_status"
"S09_D11","PAIRWISE_AVAILABLE",2004,"VCF0806--VCF0809","VCF0806","VCF0809",0.37199407703599,0.377404837337836,TRUE,TRUE,"POSITIVE","POSITIVE",0.00541076030184662,0.00541076030184662,FALSE,FALSE,"UNCHANGED","ESTIMABLE_WITH_WARNINGS"
"S09_D11","PAIRWISE_AVAILABLE",2004,"VCF0806--VCF0838","VCF0806","VCF0838",0,0,FALSE,FALSE,"ZERO","ZERO",0,0,FALSE,FALSE,"UNCHANGED","ESTIMABLE_WITH_WARNINGS"
"S09_D11","PAIRWISE_AVAILABLE",2004,"VCF0809--VCF0838","VCF0809","VCF0838",0.055711694432488,0.0348281343136173,TRUE,TRUE,"POSITIVE","POSITIVE",-0.0208835601188707,0.0208835601188707,FALSE,FALSE,"UNCHANGED","ESTIMABLE_WITH_WARNINGS"
"S09_D11","PAIRWISE_AVAILABLE",2004,"VCF0806--VCF0839","VCF0806","VCF0839",0.202102045526152,0.240594850517889,TRUE,TRUE,"POSITIVE","POSITIVE",0.0384928049917369,0.0384928049917369,FALSE,FALSE,"UNCHANGED","ESTIMABLE_WITH_WARNINGS"
"S09_D11","PAIRWISE_AVAILABLE",2004,"VCF0809--VCF0839","VCF0809","VCF0839",0.109000188940431,0.123231427842364,TRUE,TRUE,"POSITIVE","POSITIVE",0.0142312389019325,0.0142312389019325,FALSE,FALSE,"UNCHANGED","ESTIMABLE_WITH_WARNINGS"
"S09_D11","PAIRWISE_AVAILABLE",2004,"VCF0838--VCF0839","VCF0838","VCF0839",0.0766442393357764,0.0665823174743279,TRUE,TRUE,"POSITIVE","POSITIVE",-0.0100619218614485,0.0100619218614485,FALSE,FALSE,"UNCHANGED","ESTIMABLE_WITH_WARNINGS"
"S09_D11","PAIRWISE_AVAILABLE",2004,"VCF0806--VCF0879a","VCF0806","VCF0879a",0.0181396986119873,0.0361848959838962,TRUE,TRUE,"POSITIVE","POSITIVE",0.0180451973719089,0.0180451973719089,FALSE,FALSE,"UNCHANGED","ESTIMABLE_WITH_WARNINGS"
"S09_D11","PAIRWISE_AVAILABLE",2004,"VCF0809--VCF0879a","VCF0809","VCF0879a",0,0,FALSE,FALSE,"ZERO","ZERO",0,0,FALSE,FALSE,"UNCHANGED","ESTIMABLE_WITH_WARNINGS"
"S09_D11","PAIRWISE_AVAILABLE",2004,"VCF0838--VCF0879a","VCF0838","VCF0879a",0,0,FALSE,FALSE,"ZERO","ZERO",0,0,FALSE,FALSE,"UNCHANGED","ESTIMABLE_WITH_WARNINGS"
"S09_D11","PAIRWISE_AVAILABLE",2004,"VCF0839--VCF0879a","VCF0839","VCF0879a",0,0,FALSE,FALSE,"ZERO","ZERO",0,0,FALSE,FALSE,"UNCHANGED","ESTIMABLE_WITH_WARNINGS"
"S09_D11","PAIRWISE_AVAILABLE",2004,"VCF0806--VCF0888","VCF0806","VCF0888",-0.0229081218231701,-0.0357063361931486,TRUE,TRUE,"NEGATIVE","NEGATIVE",-0.0127982143699785,0.0127982143699785,FALSE,FALSE,"UNCHANGED","ESTIMABLE_WITH_WARNINGS"
"S09_D11","PAIRWISE_AVAILABLE",2004,"VCF0809--VCF0888","VCF0809","VCF0888",-0.0294227504442804,0,TRUE,FALSE,"NEGATIVE","ZERO",0.0294227504442804,0.0294227504442804,TRUE,FALSE,"CHANGED","ESTIMABLE_WITH_WARNINGS"
"S09_D11","PAIRWISE_AVAILABLE",2004,"VCF0838--VCF0888","VCF0838","VCF0888",-0.0374456271586838,-0.0464946281497913,TRUE,TRUE,"NEGATIVE","NEGATIVE",-0.00904900099110751,0.00904900099110751,FALSE,FALSE,"UNCHANGED","ESTIMABLE_WITH_WARNINGS"
"S09_D11","PAIRWISE_AVAILABLE",2004,"VCF0839--VCF0888","VCF0839","VCF0888",0,0,FALSE,FALSE,"ZERO","ZERO",0,0,FALSE,FALSE,"UNCHANGED","ESTIMABLE_WITH_WARNINGS"
"S09_D11","PAIRWISE_AVAILABLE",2004,"VCF0879a--VCF0888","VCF0879a","VCF0888",-0.0743041345843866,-0.0721778147455374,TRUE,TRUE,"NEGATIVE","NEGATIVE",0.00212631983884923,0.00212631983884923,FALSE,FALSE,"UNCHANGED","ESTIMABLE_WITH_WARNINGS"
"S09_D11","PAIRWISE_AVAILABLE",2004,"VCF0806--VCF0890","VCF0806","VCF0890",0.112679497729288,0.055084751299356,TRUE,TRUE,"POSITIVE","POSITIVE",-0.0575947464299319,0.0575947464299319,FALSE,FALSE,"UNCHANGED","ESTIMABLE_WITH_WARNINGS"
"S09_D11","PAIRWISE_AVAILABLE",2004,"VCF0809--VCF0890","VCF0809","VCF0890",0.086021602736654,0.10851110508886,TRUE,TRUE,"POSITIVE","POSITIVE",0.0224895023522055,0.0224895023522055,FALSE,FALSE,"UNCHANGED","ESTIMABLE_WITH_WARNINGS"
"S09_D11","PAIRWISE_AVAILABLE",2004,"VCF0838--VCF0890","VCF0838","VCF0890",0.0613363217966801,0.048080385733552,TRUE,TRUE,"POSITIVE","POSITIVE",-0.0132559360631281,0.0132559360631281,FALSE,FALSE,"UNCHANGED","ESTIMABLE_WITH_WARNINGS"
"S09_D11","PAIRWISE_AVAILABLE",2004,"VCF0839--VCF0890","VCF0839","VCF0890",0.302310172712598,0.273687033315201,TRUE,TRUE,"POSITIVE","POSITIVE",-0.0286231393973971,0.0286231393973971,FALSE,FALSE,"UNCHANGED","ESTIMABLE_WITH_WARNINGS"
"S09_D11","PAIRWISE_AVAILABLE",2004,"VCF0879a--VCF0890","VCF0879a","VCF0890",0.0499912636732557,0.032293834271121,TRUE,TRUE,"POSITIVE","POSITIVE",-0.0176974294021347,0.0176974294021347,FALSE,FALSE,"UNCHANGED","ESTIMABLE_WITH_WARNINGS"
"S09_D11","PAIRWISE_AVAILABLE",2004,"VCF0888--VCF0890","VCF0888","VCF0890",0.246375316880606,0.243751133606584,TRUE,TRUE,"POSITIVE","POSITIVE",-0.00262418327402267,0.00262418327402267,FALSE,FALSE,"UNCHANGED","ESTIMABLE_WITH_WARNINGS"
"S09_D11","PAIRWISE_AVAILABLE",2004,"VCF0806--VCF0894","VCF0806","VCF0894",0,0,FALSE,FALSE,"ZERO","ZERO",0,0,FALSE,FALSE,"UNCHANGED","ESTIMABLE_WITH_WARNINGS"
"S09_D11","PAIRWISE_AVAILABLE",2004,"VCF0809--VCF0894","VCF0809","VCF0894",0.253193469933843,0.233768492397161,TRUE,TRUE,"POSITIVE","POSITIVE",-0.019424977536682,0.019424977536682,FALSE,FALSE,"UNCHANGED","ESTIMABLE_WITH_WARNINGS"
"S09_D11","PAIRWISE_AVAILABLE",2004,"VCF0838--VCF0894","VCF0838","VCF0894",0,0,FALSE,FALSE,"ZERO","ZERO",0,0,FALSE,FALSE,"UNCHANGED","ESTIMABLE_WITH_WARNINGS"
"S09_D11","PAIRWISE_AVAILABLE",2004,"VCF0839--VCF0894","VCF0839","VCF0894",0.178137225084089,0.163748083728144,TRUE,TRUE,"POSITIVE","POSITIVE",-0.0143891413559452,0.0143891413559452,FALSE,FALSE,"UNCHANGED","ESTIMABLE_WITH_WARNINGS"
"S09_D11","PAIRWISE_AVAILABLE",2004,"VCF0879a--VCF0894","VCF0879a","VCF0894",0.0872300472315628,0.067635593702494,TRUE,TRUE,"POSITIVE","POSITIVE",-0.0195944535290687,0.0195944535290687,FALSE,FALSE,"UNCHANGED","ESTIMABLE_WITH_WARNINGS"
"S09_D11","PAIRWISE_AVAILABLE",2004,"VCF0888--VCF0894","VCF0888","VCF0894",0,0,FALSE,FALSE,"ZERO","ZERO",0,0,FALSE,FALSE,"UNCHANGED","ESTIMABLE_WITH_WARNINGS"
"S09_D11","PAIRWISE_AVAILABLE",2004,"VCF0890--VCF0894","VCF0890","VCF0894",0.163619760585957,0.130391739915782,TRUE,TRUE,"POSITIVE","POSITIVE",-0.0332280206701745,0.0332280206701745,FALSE,FALSE,"UNCHANGED","ESTIMABLE_WITH_WARNINGS"
"S09_D11","PAIRWISE_AVAILABLE",2004,"VCF0806--VCF9223","VCF0806","VCF9223",0,0,FALSE,FALSE,"ZERO","ZERO",0,0,FALSE,FALSE,"UNCHANGED","ESTIMABLE_WITH_WARNINGS"
"S09_D11","PAIRWISE_AVAILABLE",2004,"VCF0809--VCF9223","VCF0809","VCF9223",-0.0428131826413368,-0.0279815990474912,TRUE,TRUE,"NEGATIVE","NEGATIVE",0.0148315835938456,0.0148315835938456,FALSE,FALSE,"UNCHANGED","ESTIMABLE_WITH_WARNINGS"
"S09_D11","PAIRWISE_AVAILABLE",2004,"VCF0838--VCF9223","VCF0838","VCF9223",0.0742691350936274,0.0805353662173579,TRUE,TRUE,"POSITIVE","POSITIVE",0.0062662311237305,0.0062662311237305,FALSE,FALSE,"UNCHANGED","ESTIMABLE_WITH_WARNINGS"
"S09_D11","PAIRWISE_AVAILABLE",2004,"VCF0839--VCF9223","VCF0839","VCF9223",-0.0798569215033069,-0.0708929802026372,TRUE,TRUE,"NEGATIVE","NEGATIVE",0.0089639413006697,0.0089639413006697,FALSE,FALSE,"UNCHANGED","ESTIMABLE_WITH_WARNINGS"
"S09_D11","PAIRWISE_AVAILABLE",2004,"VCF0879a--VCF9223","VCF0879a","VCF9223",0.449956286828701,0.438307322648546,TRUE,TRUE,"POSITIVE","POSITIVE",-0.0116489641801554,0.0116489641801554,FALSE,FALSE,"UNCHANGED","ESTIMABLE_WITH_WARNINGS"
"S09_D11","PAIRWISE_AVAILABLE",2004,"VCF0888--VCF9223","VCF0888","VCF9223",-0.0883941487208757,-0.100769598210358,TRUE,TRUE,"NEGATIVE","NEGATIVE",-0.0123754494894825,0.0123754494894825,FALSE,FALSE,"UNCHANGED","ESTIMABLE_WITH_WARNINGS"
"S09_D11","PAIRWISE_AVAILABLE",2004,"VCF0890--VCF9223","VCF0890","VCF9223",0,0,FALSE,FALSE,"ZERO","ZERO",0,0,FALSE,FALSE,"UNCHANGED","ESTIMABLE_WITH_WARNINGS"
"S09_D11","PAIRWISE_AVAILABLE",2004,"VCF0894--VCF9223","VCF0894","VCF9223",0,0.00436687977581327,FALSE,TRUE,"ZERO","POSITIVE",0.00436687977581327,0.00436687977581327,TRUE,FALSE,"CHANGED","ESTIMABLE_WITH_WARNINGS"
"S09_D11","PAIRWISE_AVAILABLE",2012,"VCF0806--VCF0809","VCF0806","VCF0809",0.303846021908369,0.330339817605245,TRUE,TRUE,"POSITIVE","POSITIVE",0.0264937956968751,0.0264937956968751,FALSE,FALSE,"UNCHANGED","ESTIMABLE_WITH_WARNINGS"
"S09_D11","PAIRWISE_AVAILABLE",2012,"VCF0806--VCF0838","VCF0806","VCF0838",0.163141088733884,0.136543465950126,TRUE,TRUE,"POSITIVE","POSITIVE",-0.0265976227837577,0.0265976227837577,FALSE,FALSE,"UNCHANGED","ESTIMABLE_WITH_WARNINGS"
"S09_D11","PAIRWISE_AVAILABLE",2012,"VCF0809--VCF0838","VCF0809","VCF0838",0,-0.0220054555470494,FALSE,TRUE,"ZERO","NEGATIVE",-0.0220054555470494,0.0220054555470494,TRUE,FALSE,"CHANGED","ESTIMABLE_WITH_WARNINGS"
"S09_D11","PAIRWISE_AVAILABLE",2012,"VCF0806--VCF0839","VCF0806","VCF0839",0.234328527509928,0.232329745535943,TRUE,TRUE,"POSITIVE","POSITIVE",-0.00199878197398454,0.00199878197398454,FALSE,FALSE,"UNCHANGED","ESTIMABLE_WITH_WARNINGS"
"S09_D11","PAIRWISE_AVAILABLE",2012,"VCF0809--VCF0839","VCF0809","VCF0839",0.189210653527643,0.192726123560564,TRUE,TRUE,"POSITIVE","POSITIVE",0.00351547003292052,0.00351547003292052,FALSE,FALSE,"UNCHANGED","ESTIMABLE_WITH_WARNINGS"
"S09_D11","PAIRWISE_AVAILABLE",2012,"VCF0838--VCF0839","VCF0838","VCF0839",0,0.0156489515087731,FALSE,TRUE,"ZERO","POSITIVE",0.0156489515087731,0.0156489515087731,TRUE,FALSE,"CHANGED","ESTIMABLE_WITH_WARNINGS"
"S09_D11","PAIRWISE_AVAILABLE",2012,"VCF0806--VCF0879a","VCF0806","VCF0879a",0.0493033840706338,0.047819786572181,TRUE,TRUE,"POSITIVE","POSITIVE",-0.00148359749845276,0.00148359749845276,FALSE,FALSE,"UNCHANGED","ESTIMABLE_WITH_WARNINGS"
"S09_D11","PAIRWISE_AVAILABLE",2012,"VCF0809--VCF0879a","VCF0809","VCF0879a",-0.0194987239175984,-0.00853309836832052,TRUE,TRUE,"NEGATIVE","NEGATIVE",0.0109656255492779,0.0109656255492779,FALSE,FALSE,"UNCHANGED","ESTIMABLE_WITH_WARNINGS"
"S09_D11","PAIRWISE_AVAILABLE",2012,"VCF0838--VCF0879a","VCF0838","VCF0879a",0,0,FALSE,FALSE,"ZERO","ZERO",0,0,FALSE,FALSE,"UNCHANGED","ESTIMABLE_WITH_WARNINGS"
"S09_D11","PAIRWISE_AVAILABLE",2012,"VCF0839--VCF0879a","VCF0839","VCF0879a",0.0243666958303837,0.0172851816055184,TRUE,TRUE,"POSITIVE","POSITIVE",-0.00708151422486529,0.00708151422486529,FALSE,FALSE,"UNCHANGED","ESTIMABLE_WITH_WARNINGS"
"S09_D11","PAIRWISE_AVAILABLE",2012,"VCF0806--VCF0888","VCF0806","VCF0888",-0.023095672005309,-0.0505462431551692,TRUE,TRUE,"NEGATIVE","NEGATIVE",-0.0274505711498602,0.0274505711498602,FALSE,FALSE,"UNCHANGED","ESTIMABLE_WITH_WARNINGS"
"S09_D11","PAIRWISE_AVAILABLE",2012,"VCF0809--VCF0888","VCF0809","VCF0888",0.0462895145169454,0.063530972962537,TRUE,TRUE,"POSITIVE","POSITIVE",0.0172414584455916,0.0172414584455916,FALSE,FALSE,"UNCHANGED","ESTIMABLE_WITH_WARNINGS"
"S09_D11","PAIRWISE_AVAILABLE",2012,"VCF0838--VCF0888","VCF0838","VCF0888",-0.111103873701375,-0.10275705896905,TRUE,TRUE,"NEGATIVE","NEGATIVE",0.00834681473232485,0.00834681473232485,FALSE,FALSE,"UNCHANGED","ESTIMABLE_WITH_WARNINGS"
"S09_D11","PAIRWISE_AVAILABLE",2012,"VCF0839--VCF0888","VCF0839","VCF0888",0.0279994439971449,0.0302351567180235,TRUE,TRUE,"POSITIVE","POSITIVE",0.00223571272087862,0.00223571272087862,FALSE,FALSE,"UNCHANGED","ESTIMABLE_WITH_WARNINGS"
"S09_D11","PAIRWISE_AVAILABLE",2012,"VCF0879a--VCF0888","VCF0879a","VCF0888",-0.122256344533936,-0.127719267003261,TRUE,TRUE,"NEGATIVE","NEGATIVE",-0.00546292246932506,0.00546292246932506,FALSE,FALSE,"UNCHANGED","ESTIMABLE_WITH_WARNINGS"
"S09_D11","PAIRWISE_AVAILABLE",2012,"VCF0806--VCF0890","VCF0806","VCF0890",0.0586270926415524,0.0702525316916463,TRUE,TRUE,"POSITIVE","POSITIVE",0.0116254390500939,0.0116254390500939,FALSE,FALSE,"UNCHANGED","ESTIMABLE_WITH_WARNINGS"
"S09_D11","PAIRWISE_AVAILABLE",2012,"VCF0809--VCF0890","VCF0809","VCF0890",0.0920263712391898,0.104951931918967,TRUE,TRUE,"POSITIVE","POSITIVE",0.012925560679777,0.012925560679777,FALSE,FALSE,"UNCHANGED","ESTIMABLE_WITH_WARNINGS"
"S09_D11","PAIRWISE_AVAILABLE",2012,"VCF0838--VCF0890","VCF0838","VCF0890",0.173712290542379,0.170023099260183,TRUE,TRUE,"POSITIVE","POSITIVE",-0.00368919128219589,0.00368919128219589,FALSE,FALSE,"UNCHANGED","ESTIMABLE_WITH_WARNINGS"
"S09_D11","PAIRWISE_AVAILABLE",2012,"VCF0839--VCF0890","VCF0839","VCF0890",0.263346205380432,0.240094569412425,TRUE,TRUE,"POSITIVE","POSITIVE",-0.0232516359680074,0.0232516359680074,FALSE,FALSE,"UNCHANGED","ESTIMABLE_WITH_WARNINGS"
"S09_D11","PAIRWISE_AVAILABLE",2012,"VCF0879a--VCF0890","VCF0879a","VCF0890",-0.0328432083530345,-0.0242231362292616,TRUE,TRUE,"NEGATIVE","NEGATIVE",0.00862007212377284,0.00862007212377284,FALSE,FALSE,"UNCHANGED","ESTIMABLE_WITH_WARNINGS"
"S09_D11","PAIRWISE_AVAILABLE",2012,"VCF0888--VCF0890","VCF0888","VCF0890",0.305355221016655,0.315811581836676,TRUE,TRUE,"POSITIVE","POSITIVE",0.0104563608200215,0.0104563608200215,FALSE,FALSE,"UNCHANGED","ESTIMABLE_WITH_WARNINGS"
"S09_D11","PAIRWISE_AVAILABLE",2012,"VCF0806--VCF0894","VCF0806","VCF0894",0.14949343454668,0.131815696347477,TRUE,TRUE,"POSITIVE","POSITIVE",-0.017677738199203,0.017677738199203,FALSE,FALSE,"UNCHANGED","ESTIMABLE_WITH_WARNINGS"
"S09_D11","PAIRWISE_AVAILABLE",2012,"VCF0809--VCF0894","VCF0809","VCF0894",0.151618352474529,0.138233583835342,TRUE,TRUE,"POSITIVE","POSITIVE",-0.0133847686391863,0.0133847686391863,FALSE,FALSE,"UNCHANGED","ESTIMABLE_WITH_WARNINGS"
"S09_D11","PAIRWISE_AVAILABLE",2012,"VCF0838--VCF0894","VCF0838","VCF0894",-0.0427267061442297,-0.0389844356234595,TRUE,TRUE,"NEGATIVE","NEGATIVE",0.00374227052077024,0.00374227052077024,FALSE,FALSE,"UNCHANGED","ESTIMABLE_WITH_WARNINGS"
"S09_D11","PAIRWISE_AVAILABLE",2012,"VCF0839--VCF0894","VCF0839","VCF0894",0.304754460215999,0.319357461797795,TRUE,TRUE,"POSITIVE","POSITIVE",0.0146030015817961,0.0146030015817961,FALSE,FALSE,"UNCHANGED","ESTIMABLE_WITH_WARNINGS"
"S09_D11","PAIRWISE_AVAILABLE",2012,"VCF0879a--VCF0894","VCF0879a","VCF0894",0.14055343388669,0.143216750356326,TRUE,TRUE,"POSITIVE","POSITIVE",0.00266331646963608,0.00266331646963608,FALSE,FALSE,"UNCHANGED","ESTIMABLE_WITH_WARNINGS"
"S09_D11","PAIRWISE_AVAILABLE",2012,"VCF0888--VCF0894","VCF0888","VCF0894",0,0.0116276336447024,FALSE,TRUE,"ZERO","POSITIVE",0.0116276336447024,0.0116276336447024,TRUE,FALSE,"CHANGED","ESTIMABLE_WITH_WARNINGS"
"S09_D11","PAIRWISE_AVAILABLE",2012,"VCF0890--VCF0894","VCF0890","VCF0894",0.156670022803228,0.125614824463372,TRUE,TRUE,"POSITIVE","POSITIVE",-0.0310551983398565,0.0310551983398565,FALSE,FALSE,"UNCHANGED","ESTIMABLE_WITH_WARNINGS"
"S09_D11","PAIRWISE_AVAILABLE",2012,"VCF0806--VCF9223","VCF0806","VCF9223",0.0150369312245018,0.0147500545478843,TRUE,TRUE,"POSITIVE","POSITIVE",-0.000286876676617517,0.000286876676617517,FALSE,FALSE,"UNCHANGED","ESTIMABLE_WITH_WARNINGS"
"S09_D11","PAIRWISE_AVAILABLE",2012,"VCF0809--VCF9223","VCF0809","VCF9223",-0.0228829782209999,-0.0404628090738897,TRUE,TRUE,"NEGATIVE","NEGATIVE",-0.0175798308528898,0.0175798308528898,FALSE,FALSE,"UNCHANGED","ESTIMABLE_WITH_WARNINGS"
"S09_D11","PAIRWISE_AVAILABLE",2012,"VCF0838--VCF9223","VCF0838","VCF9223",0.11975354377938,0.104707440441273,TRUE,TRUE,"POSITIVE","POSITIVE",-0.0150461033381065,0.0150461033381065,FALSE,FALSE,"UNCHANGED","ESTIMABLE_WITH_WARNINGS"
"S09_D11","PAIRWISE_AVAILABLE",2012,"VCF0839--VCF9223","VCF0839","VCF9223",0.0271344846048082,0.0522518453951937,TRUE,TRUE,"POSITIVE","POSITIVE",0.0251173607903855,0.0251173607903855,FALSE,FALSE,"UNCHANGED","ESTIMABLE_WITH_WARNINGS"
"S09_D11","PAIRWISE_AVAILABLE",2012,"VCF0879a--VCF9223","VCF0879a","VCF9223",0.469833727138572,0.456140567954829,TRUE,TRUE,"POSITIVE","POSITIVE",-0.0136931591837426,0.0136931591837426,FALSE,FALSE,"UNCHANGED","ESTIMABLE_WITH_WARNINGS"
"S09_D11","PAIRWISE_AVAILABLE",2012,"VCF0888--VCF9223","VCF0888","VCF9223",-0.0713228146329072,-0.0656908830904844,TRUE,TRUE,"NEGATIVE","NEGATIVE",0.00563193154242278,0.00563193154242278,FALSE,FALSE,"UNCHANGED","ESTIMABLE_WITH_WARNINGS"
"S09_D11","PAIRWISE_AVAILABLE",2012,"VCF0890--VCF9223","VCF0890","VCF9223",0.0384970135041746,0.0298705847658895,TRUE,TRUE,"POSITIVE","POSITIVE",-0.00862642873828507,0.00862642873828507,FALSE,FALSE,"UNCHANGED","ESTIMABLE_WITH_WARNINGS"
"S09_D11","PAIRWISE_AVAILABLE",2012,"VCF0894--VCF9223","VCF0894","VCF9223",-0.00920298803560992,-0.0212439209068917,TRUE,TRUE,"NEGATIVE","NEGATIVE",-0.0120409328712817,0.0120409328712817,FALSE,FALSE,"UNCHANGED","ESTIMABLE_WITH_WARNINGS"
"S09_D11","PAIRWISE_AVAILABLE",2016,"VCF0806--VCF0809","VCF0806","VCF0809",0.357600675012053,0.355122785657097,TRUE,TRUE,"POSITIVE","POSITIVE",-0.00247788935495574,0.00247788935495574,FALSE,FALSE,"UNCHANGED","ESTIMABLE_WITH_WARNINGS"
"S09_D11","PAIRWISE_AVAILABLE",2016,"VCF0806--VCF0838","VCF0806","VCF0838",0.181921384698232,0.185787958700954,TRUE,TRUE,"POSITIVE","POSITIVE",0.0038665740027222,0.0038665740027222,FALSE,FALSE,"UNCHANGED","ESTIMABLE_WITH_WARNINGS"
"S09_D11","PAIRWISE_AVAILABLE",2016,"VCF0809--VCF0838","VCF0809","VCF0838",-0.0734135665583111,-0.0360032531729909,TRUE,TRUE,"NEGATIVE","NEGATIVE",0.0374103133853202,0.0374103133853202,FALSE,FALSE,"UNCHANGED","ESTIMABLE_WITH_WARNINGS"
"S09_D11","PAIRWISE_AVAILABLE",2016,"VCF0806--VCF0839","VCF0806","VCF0839",0.190850385470592,0.18892013667599,TRUE,TRUE,"POSITIVE","POSITIVE",-0.00193024879460224,0.00193024879460224,FALSE,FALSE,"UNCHANGED","ESTIMABLE_WITH_WARNINGS"
"S09_D11","PAIRWISE_AVAILABLE",2016,"VCF0809--VCF0839","VCF0809","VCF0839",0.216271398419299,0.221772709446155,TRUE,TRUE,"POSITIVE","POSITIVE",0.00550131102685503,0.00550131102685503,FALSE,FALSE,"UNCHANGED","ESTIMABLE_WITH_WARNINGS"
"S09_D11","PAIRWISE_AVAILABLE",2016,"VCF0838--VCF0839","VCF0838","VCF0839",0.0636726525169274,0.0525748326047009,TRUE,TRUE,"POSITIVE","POSITIVE",-0.0110978199122264,0.0110978199122264,FALSE,FALSE,"UNCHANGED","ESTIMABLE_WITH_WARNINGS"
"S09_D11","PAIRWISE_AVAILABLE",2016,"VCF0806--VCF0879a","VCF0806","VCF0879a",0.0658181576864972,0.0591439826742592,TRUE,TRUE,"POSITIVE","POSITIVE",-0.00667417501223802,0.00667417501223802,FALSE,FALSE,"UNCHANGED","ESTIMABLE_WITH_WARNINGS"
"S09_D11","PAIRWISE_AVAILABLE",2016,"VCF0809--VCF0879a","VCF0809","VCF0879a",0,0,FALSE,FALSE,"ZERO","ZERO",0,0,FALSE,FALSE,"UNCHANGED","ESTIMABLE_WITH_WARNINGS"
"S09_D11","PAIRWISE_AVAILABLE",2016,"VCF0838--VCF0879a","VCF0838","VCF0879a",0.0198466846918451,0.0174018801131084,TRUE,TRUE,"POSITIVE","POSITIVE",-0.0024448045787367,0.0024448045787367,FALSE,FALSE,"UNCHANGED","ESTIMABLE_WITH_WARNINGS"
"S09_D11","PAIRWISE_AVAILABLE",2016,"VCF0839--VCF0879a","VCF0839","VCF0879a",0,0.029759110831148,FALSE,TRUE,"ZERO","POSITIVE",0.029759110831148,0.029759110831148,TRUE,FALSE,"CHANGED","ESTIMABLE_WITH_WARNINGS"
"S09_D11","PAIRWISE_AVAILABLE",2016,"VCF0806--VCF0888","VCF0806","VCF0888",-0.0783115642198743,-0.0804207595614471,TRUE,TRUE,"NEGATIVE","NEGATIVE",-0.00210919534157279,0.00210919534157279,FALSE,FALSE,"UNCHANGED","ESTIMABLE_WITH_WARNINGS"
"S09_D11","PAIRWISE_AVAILABLE",2016,"VCF0809--VCF0888","VCF0809","VCF0888",0,0,FALSE,FALSE,"ZERO","ZERO",0,0,FALSE,FALSE,"UNCHANGED","ESTIMABLE_WITH_WARNINGS"
"S09_D11","PAIRWISE_AVAILABLE",2016,"VCF0838--VCF0888","VCF0838","VCF0888",-0.101292565988874,-0.0713668748733707,TRUE,TRUE,"NEGATIVE","NEGATIVE",0.0299256911155031,0.0299256911155031,FALSE,FALSE,"UNCHANGED","ESTIMABLE_WITH_WARNINGS"
"S09_D11","PAIRWISE_AVAILABLE",2016,"VCF0839--VCF0888","VCF0839","VCF0888",0.0370470506219009,0,TRUE,FALSE,"POSITIVE","ZERO",-0.0370470506219009,0.0370470506219009,TRUE,FALSE,"CHANGED","ESTIMABLE_WITH_WARNINGS"
"S09_D11","PAIRWISE_AVAILABLE",2016,"VCF0879a--VCF0888","VCF0879a","VCF0888",-0.090754153248673,-0.10456737120226,TRUE,TRUE,"NEGATIVE","NEGATIVE",-0.0138132179535868,0.0138132179535868,FALSE,FALSE,"UNCHANGED","ESTIMABLE_WITH_WARNINGS"
"S09_D11","PAIRWISE_AVAILABLE",2016,"VCF0806--VCF0890","VCF0806","VCF0890",0.0590306809790036,0.0399969055630025,TRUE,TRUE,"POSITIVE","POSITIVE",-0.0190337754160011,0.0190337754160011,FALSE,FALSE,"UNCHANGED","ESTIMABLE_WITH_WARNINGS"
"S09_D11","PAIRWISE_AVAILABLE",2016,"VCF0809--VCF0890","VCF0809","VCF0890",0.052471021635499,0.0697824037823123,TRUE,TRUE,"POSITIVE","POSITIVE",0.0173113821468134,0.0173113821468134,FALSE,FALSE,"UNCHANGED","ESTIMABLE_WITH_WARNINGS"
"S09_D11","PAIRWISE_AVAILABLE",2016,"VCF0838--VCF0890","VCF0838","VCF0890",0.108612599323994,0.0788843200751087,TRUE,TRUE,"POSITIVE","POSITIVE",-0.0297282792488849,0.0297282792488849,FALSE,FALSE,"UNCHANGED","ESTIMABLE_WITH_WARNINGS"
"S09_D11","PAIRWISE_AVAILABLE",2016,"VCF0839--VCF0890","VCF0839","VCF0890",0.242347657779176,0.261764798175892,TRUE,TRUE,"POSITIVE","POSITIVE",0.0194171403967161,0.0194171403967161,FALSE,FALSE,"UNCHANGED","ESTIMABLE_WITH_WARNINGS"
"S09_D11","PAIRWISE_AVAILABLE",2016,"VCF0879a--VCF0890","VCF0879a","VCF0890",0.0141694491107246,0.0167027097340921,TRUE,TRUE,"POSITIVE","POSITIVE",0.0025332606233675,0.0025332606233675,FALSE,FALSE,"UNCHANGED","ESTIMABLE_WITH_WARNINGS"
"S09_D11","PAIRWISE_AVAILABLE",2016,"VCF0888--VCF0890","VCF0888","VCF0890",0.215890208797959,0.226277581408779,TRUE,TRUE,"POSITIVE","POSITIVE",0.0103873726108196,0.0103873726108196,FALSE,FALSE,"UNCHANGED","ESTIMABLE_WITH_WARNINGS"
"S09_D11","PAIRWISE_AVAILABLE",2016,"VCF0806--VCF0894","VCF0806","VCF0894",0.114332152702858,0.115946303543334,TRUE,TRUE,"POSITIVE","POSITIVE",0.001614150840476,0.001614150840476,FALSE,FALSE,"UNCHANGED","ESTIMABLE_WITH_WARNINGS"
"S09_D11","PAIRWISE_AVAILABLE",2016,"VCF0809--VCF0894","VCF0809","VCF0894",0.173766642629694,0.139404133691204,TRUE,TRUE,"POSITIVE","POSITIVE",-0.0343625089384895,0.0343625089384895,FALSE,FALSE,"UNCHANGED","ESTIMABLE_WITH_WARNINGS"
"S09_D11","PAIRWISE_AVAILABLE",2016,"VCF0838--VCF0894","VCF0838","VCF0894",0.0364902033127705,0,TRUE,FALSE,"POSITIVE","ZERO",-0.0364902033127705,0.0364902033127705,TRUE,FALSE,"CHANGED","ESTIMABLE_WITH_WARNINGS"
"S09_D11","PAIRWISE_AVAILABLE",2016,"VCF0839--VCF0894","VCF0839","VCF0894",0.329872988221807,0.342082335098518,TRUE,TRUE,"POSITIVE","POSITIVE",0.0122093468767115,0.0122093468767115,FALSE,FALSE,"UNCHANGED","ESTIMABLE_WITH_WARNINGS"
"S09_D11","PAIRWISE_AVAILABLE",2016,"VCF0879a--VCF0894","VCF0879a","VCF0894",0.227269099451679,0.197442059882199,TRUE,TRUE,"POSITIVE","POSITIVE",-0.0298270395694802,0.0298270395694802,FALSE,FALSE,"UNCHANGED","ESTIMABLE_WITH_WARNINGS"
"S09_D11","PAIRWISE_AVAILABLE",2016,"VCF0888--VCF0894","VCF0888","VCF0894",-0.0630943703683428,-0.0205665951879547,TRUE,TRUE,"NEGATIVE","NEGATIVE",0.0425277751803882,0.0425277751803882,FALSE,FALSE,"UNCHANGED","ESTIMABLE_WITH_WARNINGS"
"S09_D11","PAIRWISE_AVAILABLE",2016,"VCF0890--VCF0894","VCF0890","VCF0894",0.122481274464188,0.0810298327868923,TRUE,TRUE,"POSITIVE","POSITIVE",-0.0414514416772952,0.0414514416772952,FALSE,FALSE,"UNCHANGED","ESTIMABLE_WITH_WARNINGS"
"S09_D11","PAIRWISE_AVAILABLE",2016,"VCF0806--VCF9223","VCF0806","VCF9223",0.0186252735363306,0.0280025622074491,TRUE,TRUE,"POSITIVE","POSITIVE",0.00937728867111853,0.00937728867111853,FALSE,FALSE,"UNCHANGED","ESTIMABLE_WITH_WARNINGS"
"S09_D11","PAIRWISE_AVAILABLE",2016,"VCF0809--VCF9223","VCF0809","VCF9223",0,0,FALSE,FALSE,"ZERO","ZERO",0,0,FALSE,FALSE,"UNCHANGED","ESTIMABLE_WITH_WARNINGS"
"S09_D11","PAIRWISE_AVAILABLE",2016,"VCF0838--VCF9223","VCF0838","VCF9223",0.143965510367613,0.148807765868241,TRUE,TRUE,"POSITIVE","POSITIVE",0.00484225550062789,0.00484225550062789,FALSE,FALSE,"UNCHANGED","ESTIMABLE_WITH_WARNINGS"
"S09_D11","PAIRWISE_AVAILABLE",2016,"VCF0839--VCF9223","VCF0839","VCF9223",0.018458574204645,0.0151203033451729,TRUE,TRUE,"POSITIVE","POSITIVE",-0.00333827085947205,0.00333827085947205,FALSE,FALSE,"UNCHANGED","ESTIMABLE_WITH_WARNINGS"
"S09_D11","PAIRWISE_AVAILABLE",2016,"VCF0879a--VCF9223","VCF0879a","VCF9223",0.440934290526284,0.42600628334362,TRUE,TRUE,"POSITIVE","POSITIVE",-0.0149280071826641,0.0149280071826641,FALSE,FALSE,"UNCHANGED","ESTIMABLE_WITH_WARNINGS"
"S09_D11","PAIRWISE_AVAILABLE",2016,"VCF0888--VCF9223","VCF0888","VCF9223",-0.113633115156834,-0.102082747592813,TRUE,TRUE,"NEGATIVE","NEGATIVE",0.011550367564021,0.011550367564021,FALSE,FALSE,"UNCHANGED","ESTIMABLE_WITH_WARNINGS"
"S09_D11","PAIRWISE_AVAILABLE",2016,"VCF0890--VCF9223","VCF0890","VCF9223",0.0887466384157413,0.0742738608258798,TRUE,TRUE,"POSITIVE","POSITIVE",-0.0144727775898615,0.0144727775898615,FALSE,FALSE,"UNCHANGED","ESTIMABLE_WITH_WARNINGS"
"S09_D11","PAIRWISE_AVAILABLE",2016,"VCF0894--VCF9223","VCF0894","VCF9223",0.0127258634156021,0.0105023959705549,TRUE,TRUE,"POSITIVE","POSITIVE",-0.00222346744504723,0.00222346744504723,FALSE,FALSE,"UNCHANGED","ESTIMABLE_WITH_WARNINGS"
"S09_D11","PAIRWISE_AVAILABLE",2020,"VCF0806--VCF0809","VCF0806","VCF0809",0.339019965826395,0.322360452476648,TRUE,TRUE,"POSITIVE","POSITIVE",-0.0166595133497469,0.0166595133497469,FALSE,FALSE,"UNCHANGED","ESTIMABLE_WITH_WARNINGS"
"S09_D11","PAIRWISE_AVAILABLE",2020,"VCF0806--VCF0838","VCF0806","VCF0838",0.194720924461167,0.187204212527634,TRUE,TRUE,"POSITIVE","POSITIVE",-0.00751671193353301,0.00751671193353301,FALSE,FALSE,"UNCHANGED","ESTIMABLE_WITH_WARNINGS"
"S09_D11","PAIRWISE_AVAILABLE",2020,"VCF0809--VCF0838","VCF0809","VCF0838",0.0284272171043005,0.0364309961415839,TRUE,TRUE,"POSITIVE","POSITIVE",0.0080037790372834,0.0080037790372834,FALSE,FALSE,"UNCHANGED","ESTIMABLE_WITH_WARNINGS"
"S09_D11","PAIRWISE_AVAILABLE",2020,"VCF0806--VCF0839","VCF0806","VCF0839",0.218609064876532,0.236588390164849,TRUE,TRUE,"POSITIVE","POSITIVE",0.0179793252883163,0.0179793252883163,FALSE,FALSE,"UNCHANGED","ESTIMABLE_WITH_WARNINGS"
"S09_D11","PAIRWISE_AVAILABLE",2020,"VCF0809--VCF0839","VCF0809","VCF0839",0.266004849180601,0.290805973557059,TRUE,TRUE,"POSITIVE","POSITIVE",0.0248011243764583,0.0248011243764583,FALSE,FALSE,"UNCHANGED","ESTIMABLE_WITH_WARNINGS"
"S09_D11","PAIRWISE_AVAILABLE",2020,"VCF0838--VCF0839","VCF0838","VCF0839",0.0258476371914002,0.0420854165757803,TRUE,TRUE,"POSITIVE","POSITIVE",0.0162377793843802,0.0162377793843802,FALSE,FALSE,"UNCHANGED","ESTIMABLE_WITH_WARNINGS"
"S09_D11","PAIRWISE_AVAILABLE",2020,"VCF0806--VCF0879a","VCF0806","VCF0879a",0.0493009287160725,0.0481108793243373,TRUE,TRUE,"POSITIVE","POSITIVE",-0.00119004939173521,0.00119004939173521,FALSE,FALSE,"UNCHANGED","ESTIMABLE_WITH_WARNINGS"
"S09_D11","PAIRWISE_AVAILABLE",2020,"VCF0809--VCF0879a","VCF0809","VCF0879a",0.0313461409353886,0.0287434248452242,TRUE,TRUE,"POSITIVE","POSITIVE",-0.00260271609016446,0.00260271609016446,FALSE,FALSE,"UNCHANGED","ESTIMABLE_WITH_WARNINGS"
"S09_D11","PAIRWISE_AVAILABLE",2020,"VCF0838--VCF0879a","VCF0838","VCF0879a",0.00382478480854227,0.0221970123632454,TRUE,TRUE,"POSITIVE","POSITIVE",0.0183722275547031,0.0183722275547031,FALSE,FALSE,"UNCHANGED","ESTIMABLE_WITH_WARNINGS"
"S09_D11","PAIRWISE_AVAILABLE",2020,"VCF0839--VCF0879a","VCF0839","VCF0879a",0,-0.0138505188749492,FALSE,TRUE,"ZERO","NEGATIVE",-0.0138505188749492,0.0138505188749492,TRUE,FALSE,"CHANGED","ESTIMABLE_WITH_WARNINGS"
"S09_D11","PAIRWISE_AVAILABLE",2020,"VCF0806--VCF0888","VCF0806","VCF0888",-0.142066445791472,-0.159307442544479,TRUE,TRUE,"NEGATIVE","NEGATIVE",-0.0172409967530074,0.0172409967530074,FALSE,FALSE,"UNCHANGED","ESTIMABLE_WITH_WARNINGS"
"S09_D11","PAIRWISE_AVAILABLE",2020,"VCF0809--VCF0888","VCF0809","VCF0888",-0.0260092667248852,-0.0321109419851325,TRUE,TRUE,"NEGATIVE","NEGATIVE",-0.00610167526024737,0.00610167526024737,FALSE,FALSE,"UNCHANGED","ESTIMABLE_WITH_WARNINGS"
"S09_D11","PAIRWISE_AVAILABLE",2020,"VCF0838--VCF0888","VCF0838","VCF0888",-0.184835629335573,-0.162706655623632,TRUE,TRUE,"NEGATIVE","NEGATIVE",0.0221289737119415,0.0221289737119415,FALSE,FALSE,"UNCHANGED","ESTIMABLE_WITH_WARNINGS"
"S09_D11","PAIRWISE_AVAILABLE",2020,"VCF0839--VCF0888","VCF0839","VCF0888",0.0159747561285973,0.0293110696489877,TRUE,TRUE,"POSITIVE","POSITIVE",0.0133363135203904,0.0133363135203904,FALSE,FALSE,"UNCHANGED","ESTIMABLE_WITH_WARNINGS"
"S09_D11","PAIRWISE_AVAILABLE",2020,"VCF0879a--VCF0888","VCF0879a","VCF0888",-0.169847882148041,-0.174359976536847,TRUE,TRUE,"NEGATIVE","NEGATIVE",-0.00451209438880623,0.00451209438880623,FALSE,FALSE,"UNCHANGED","ESTIMABLE_WITH_WARNINGS"
"S09_D11","PAIRWISE_AVAILABLE",2020,"VCF0806--VCF0890","VCF0806","VCF0890",0.0572874494519452,0.0737651690372225,TRUE,TRUE,"POSITIVE","POSITIVE",0.0164777195852773,0.0164777195852773,FALSE,FALSE,"UNCHANGED","ESTIMABLE_WITH_WARNINGS"
"S09_D11","PAIRWISE_AVAILABLE",2020,"VCF0809--VCF0890","VCF0809","VCF0890",0.0975118954026813,0.0770648687411309,TRUE,TRUE,"POSITIVE","POSITIVE",-0.0204470266615504,0.0204470266615504,FALSE,FALSE,"UNCHANGED","ESTIMABLE_WITH_WARNINGS"
"S09_D11","PAIRWISE_AVAILABLE",2020,"VCF0838--VCF0890","VCF0838","VCF0890",0.139154682441411,0.11212715059232,TRUE,TRUE,"POSITIVE","POSITIVE",-0.0270275318490909,0.0270275318490909,FALSE,FALSE,"UNCHANGED","ESTIMABLE_WITH_WARNINGS"
"S09_D11","PAIRWISE_AVAILABLE",2020,"VCF0839--VCF0890","VCF0839","VCF0890",0.234815190156645,0.233621428049033,TRUE,TRUE,"POSITIVE","POSITIVE",-0.00119376210761196,0.00119376210761196,FALSE,FALSE,"UNCHANGED","ESTIMABLE_WITH_WARNINGS"
"S09_D11","PAIRWISE_AVAILABLE",2020,"VCF0879a--VCF0890","VCF0879a","VCF0890",0.0240302065982658,0.03470291586482,TRUE,TRUE,"POSITIVE","POSITIVE",0.0106727092665541,0.0106727092665541,FALSE,FALSE,"UNCHANGED","ESTIMABLE_WITH_WARNINGS"
"S09_D11","PAIRWISE_AVAILABLE",2020,"VCF0888--VCF0890","VCF0888","VCF0890",0.152332665756861,0.196329977497977,TRUE,TRUE,"POSITIVE","POSITIVE",0.0439973117411155,0.0439973117411155,FALSE,FALSE,"UNCHANGED","ESTIMABLE_WITH_WARNINGS"
"S09_D11","PAIRWISE_AVAILABLE",2020,"VCF0806--VCF0894","VCF0806","VCF0894",0.0796373739812811,0.0875679150000654,TRUE,TRUE,"POSITIVE","POSITIVE",0.00793054101878431,0.00793054101878431,FALSE,FALSE,"UNCHANGED","ESTIMABLE_WITH_WARNINGS"
"S09_D11","PAIRWISE_AVAILABLE",2020,"VCF0809--VCF0894","VCF0809","VCF0894",0.167624716218426,0.151992281071731,TRUE,TRUE,"POSITIVE","POSITIVE",-0.0156324351466944,0.0156324351466944,FALSE,FALSE,"UNCHANGED","ESTIMABLE_WITH_WARNINGS"
"S09_D11","PAIRWISE_AVAILABLE",2020,"VCF0838--VCF0894","VCF0838","VCF0894",0.0578781092811031,0.0210873519474125,TRUE,TRUE,"POSITIVE","POSITIVE",-0.0367907573336906,0.0367907573336906,FALSE,FALSE,"UNCHANGED","ESTIMABLE_WITH_WARNINGS"
"S09_D11","PAIRWISE_AVAILABLE",2020,"VCF0839--VCF0894","VCF0839","VCF0894",0.244511389929148,0.237249253328361,TRUE,TRUE,"POSITIVE","POSITIVE",-0.00726213660078726,0.00726213660078726,FALSE,FALSE,"UNCHANGED","ESTIMABLE_WITH_WARNINGS"
"S09_D11","PAIRWISE_AVAILABLE",2020,"VCF0879a--VCF0894","VCF0879a","VCF0894",0.220780809671857,0.219177837425079,TRUE,TRUE,"POSITIVE","POSITIVE",-0.00160297224677822,0.00160297224677822,FALSE,FALSE,"UNCHANGED","ESTIMABLE_WITH_WARNINGS"
"S09_D11","PAIRWISE_AVAILABLE",2020,"VCF0888--VCF0894","VCF0888","VCF0894",-0.068233730564378,-0.0610162793840263,TRUE,TRUE,"NEGATIVE","NEGATIVE",0.00721745118035168,0.00721745118035168,FALSE,FALSE,"UNCHANGED","ESTIMABLE_WITH_WARNINGS"
"S09_D11","PAIRWISE_AVAILABLE",2020,"VCF0890--VCF0894","VCF0890","VCF0894",0.155260312714881,0.148020201924607,TRUE,TRUE,"POSITIVE","POSITIVE",-0.00724011079027409,0.00724011079027409,FALSE,FALSE,"UNCHANGED","ESTIMABLE_WITH_WARNINGS"
"S09_D11","PAIRWISE_AVAILABLE",2020,"VCF0806--VCF9223","VCF0806","VCF9223",0.0242233695850124,0.034500004618672,TRUE,TRUE,"POSITIVE","POSITIVE",0.0102766350336596,0.0102766350336596,FALSE,FALSE,"UNCHANGED","ESTIMABLE_WITH_WARNINGS"
"S09_D11","PAIRWISE_AVAILABLE",2020,"VCF0809--VCF9223","VCF0809","VCF9223",0,0.0086952900340487,FALSE,TRUE,"ZERO","POSITIVE",0.0086952900340487,0.0086952900340487,TRUE,FALSE,"CHANGED","ESTIMABLE_WITH_WARNINGS"
"S09_D11","PAIRWISE_AVAILABLE",2020,"VCF0838--VCF9223","VCF0838","VCF9223",0.142161290526218,0.131119532239615,TRUE,TRUE,"POSITIVE","POSITIVE",-0.0110417582866028,0.0110417582866028,FALSE,FALSE,"UNCHANGED","ESTIMABLE_WITH_WARNINGS"
"S09_D11","PAIRWISE_AVAILABLE",2020,"VCF0839--VCF9223","VCF0839","VCF9223",0,0,FALSE,FALSE,"ZERO","ZERO",0,0,FALSE,FALSE,"UNCHANGED","ESTIMABLE_WITH_WARNINGS"
"S09_D11","PAIRWISE_AVAILABLE",2020,"VCF0879a--VCF9223","VCF0879a","VCF9223",0.436152559373321,0.412898353787807,TRUE,TRUE,"POSITIVE","POSITIVE",-0.0232542055855141,0.0232542055855141,FALSE,FALSE,"UNCHANGED","ESTIMABLE_WITH_WARNINGS"
"S09_D11","PAIRWISE_AVAILABLE",2020,"VCF0888--VCF9223","VCF0888","VCF9223",-0.11192935869046,-0.111872336583457,TRUE,TRUE,"NEGATIVE","NEGATIVE",5.70221070034516e-05,5.70221070034516e-05,FALSE,FALSE,"UNCHANGED","ESTIMABLE_WITH_WARNINGS"
"S09_D11","PAIRWISE_AVAILABLE",2020,"VCF0890--VCF9223","VCF0890","VCF9223",0.101132031781839,0.098362512682279,TRUE,TRUE,"POSITIVE","POSITIVE",-0.00276951909955989,0.00276951909955989,FALSE,FALSE,"UNCHANGED","ESTIMABLE_WITH_WARNINGS"
"S09_D11","PAIRWISE_AVAILABLE",2020,"VCF0894--VCF9223","VCF0894","VCF9223",0,0,FALSE,FALSE,"ZERO","ZERO",0,0,FALSE,FALSE,"UNCHANGED","ESTIMABLE_WITH_WARNINGS"
"S09_D11","PAIRWISE_AVAILABLE",2024,"VCF0806--VCF0809","VCF0806","VCF0809",0.286446415679923,0.296181260783619,TRUE,TRUE,"POSITIVE","POSITIVE",0.00973484510369604,0.00973484510369604,FALSE,FALSE,"UNCHANGED","ESTIMABLE_WITH_WARNINGS"
"S09_D11","PAIRWISE_AVAILABLE",2024,"VCF0806--VCF0838","VCF0806","VCF0838",0.0969823508352493,0.108266916919349,TRUE,TRUE,"POSITIVE","POSITIVE",0.0112845660840993,0.0112845660840993,FALSE,FALSE,"UNCHANGED","ESTIMABLE_WITH_WARNINGS"
"S09_D11","PAIRWISE_AVAILABLE",2024,"VCF0809--VCF0838","VCF0809","VCF0838",0.081819208318309,0.0706223693656406,TRUE,TRUE,"POSITIVE","POSITIVE",-0.0111968389526683,0.0111968389526683,FALSE,FALSE,"UNCHANGED","ESTIMABLE_WITH_WARNINGS"
"S09_D11","PAIRWISE_AVAILABLE",2024,"VCF0806--VCF0839","VCF0806","VCF0839",0.173090954828948,0.187132078468573,TRUE,TRUE,"POSITIVE","POSITIVE",0.0140411236396245,0.0140411236396245,FALSE,FALSE,"UNCHANGED","ESTIMABLE_WITH_WARNINGS"
"S09_D11","PAIRWISE_AVAILABLE",2024,"VCF0809--VCF0839","VCF0809","VCF0839",0.282103083965334,0.2825165487272,TRUE,TRUE,"POSITIVE","POSITIVE",0.000413464761866267,0.000413464761866267,FALSE,FALSE,"UNCHANGED","ESTIMABLE_WITH_WARNINGS"
"S09_D11","PAIRWISE_AVAILABLE",2024,"VCF0838--VCF0839","VCF0838","VCF0839",0.0952675388816836,0.09829555006251,TRUE,TRUE,"POSITIVE","POSITIVE",0.00302801118082649,0.00302801118082649,FALSE,FALSE,"UNCHANGED","ESTIMABLE_WITH_WARNINGS"
"S09_D11","PAIRWISE_AVAILABLE",2024,"VCF0806--VCF0879a","VCF0806","VCF0879a",0.00263679822443648,0.00469108546417115,TRUE,TRUE,"POSITIVE","POSITIVE",0.00205428723973466,0.00205428723973466,FALSE,FALSE,"UNCHANGED","ESTIMABLE_WITH_WARNINGS"
"S09_D11","PAIRWISE_AVAILABLE",2024,"VCF0809--VCF0879a","VCF0809","VCF0879a",0,0,FALSE,FALSE,"ZERO","ZERO",0,0,FALSE,FALSE,"UNCHANGED","ESTIMABLE_WITH_WARNINGS"
"S09_D11","PAIRWISE_AVAILABLE",2024,"VCF0838--VCF0879a","VCF0838","VCF0879a",0.020217806487761,0.0236302998711737,TRUE,TRUE,"POSITIVE","POSITIVE",0.00341249338341274,0.00341249338341274,FALSE,FALSE,"UNCHANGED","ESTIMABLE_WITH_WARNINGS"
"S09_D11","PAIRWISE_AVAILABLE",2024,"VCF0839--VCF0879a","VCF0839","VCF0879a",0,0,FALSE,FALSE,"ZERO","ZERO",0,0,FALSE,FALSE,"UNCHANGED","ESTIMABLE_WITH_WARNINGS"
"S09_D11","PAIRWISE_AVAILABLE",2024,"VCF0806--VCF0888","VCF0806","VCF0888",-0.115991969116665,-0.116761669055229,TRUE,TRUE,"NEGATIVE","NEGATIVE",-0.000769699938564086,0.000769699938564086,FALSE,FALSE,"UNCHANGED","ESTIMABLE_WITH_WARNINGS"
"S09_D11","PAIRWISE_AVAILABLE",2024,"VCF0809--VCF0888","VCF0809","VCF0888",-0.0352736970916302,-0.0366633756951286,TRUE,TRUE,"NEGATIVE","NEGATIVE",-0.00138967860349836,0.00138967860349836,FALSE,FALSE,"UNCHANGED","ESTIMABLE_WITH_WARNINGS"
"S09_D11","PAIRWISE_AVAILABLE",2024,"VCF0838--VCF0888","VCF0838","VCF0888",-0.118991017033197,-0.108555093740026,TRUE,TRUE,"NEGATIVE","NEGATIVE",0.0104359232931702,0.0104359232931702,FALSE,FALSE,"UNCHANGED","ESTIMABLE_WITH_WARNINGS"
"S09_D11","PAIRWISE_AVAILABLE",2024,"VCF0839--VCF0888","VCF0839","VCF0888",-0.0418929526015918,-0.044492634158729,TRUE,TRUE,"NEGATIVE","NEGATIVE",-0.00259968155713717,0.00259968155713717,FALSE,FALSE,"UNCHANGED","ESTIMABLE_WITH_WARNINGS"
"S09_D11","PAIRWISE_AVAILABLE",2024,"VCF0879a--VCF0888","VCF0879a","VCF0888",-0.121405830251357,-0.131257048879868,TRUE,TRUE,"NEGATIVE","NEGATIVE",-0.00985121862851134,0.00985121862851134,FALSE,FALSE,"UNCHANGED","ESTIMABLE_WITH_WARNINGS"
"S09_D11","PAIRWISE_AVAILABLE",2024,"VCF0806--VCF0890","VCF0806","VCF0890",0.0935194910662682,0.0740592967388457,TRUE,TRUE,"POSITIVE","POSITIVE",-0.0194601943274225,0.0194601943274225,FALSE,FALSE,"UNCHANGED","ESTIMABLE_WITH_WARNINGS"
"S09_D11","PAIRWISE_AVAILABLE",2024,"VCF0809--VCF0890","VCF0809","VCF0890",0.0707344951564464,0.0979183562260409,TRUE,TRUE,"POSITIVE","POSITIVE",0.0271838610695946,0.0271838610695946,FALSE,FALSE,"UNCHANGED","ESTIMABLE_WITH_WARNINGS"
"S09_D11","PAIRWISE_AVAILABLE",2024,"VCF0838--VCF0890","VCF0838","VCF0890",0.101584072151753,0.0896202843436605,TRUE,TRUE,"POSITIVE","POSITIVE",-0.0119637878080922,0.0119637878080922,FALSE,FALSE,"UNCHANGED","ESTIMABLE_WITH_WARNINGS"
"S09_D11","PAIRWISE_AVAILABLE",2024,"VCF0839--VCF0890","VCF0839","VCF0890",0.266945440954792,0.253188403245687,TRUE,TRUE,"POSITIVE","POSITIVE",-0.0137570377091049,0.0137570377091049,FALSE,FALSE,"UNCHANGED","ESTIMABLE_WITH_WARNINGS"
"S09_D11","PAIRWISE_AVAILABLE",2024,"VCF0879a--VCF0890","VCF0879a","VCF0890",0.0186928727184489,0.0229562339070538,TRUE,TRUE,"POSITIVE","POSITIVE",0.00426336118860491,0.00426336118860491,FALSE,FALSE,"UNCHANGED","ESTIMABLE_WITH_WARNINGS"
"S09_D11","PAIRWISE_AVAILABLE",2024,"VCF0888--VCF0890","VCF0888","VCF0890",0.202850964978324,0.241699596001673,TRUE,TRUE,"POSITIVE","POSITIVE",0.0388486310233497,0.0388486310233497,FALSE,FALSE,"UNCHANGED","ESTIMABLE_WITH_WARNINGS"
"S09_D11","PAIRWISE_AVAILABLE",2024,"VCF0806--VCF0894","VCF0806","VCF0894",0.115925421886945,0.124145533833896,TRUE,TRUE,"POSITIVE","POSITIVE",0.00822011194695021,0.00822011194695021,FALSE,FALSE,"UNCHANGED","ESTIMABLE_WITH_WARNINGS"
"S09_D11","PAIRWISE_AVAILABLE",2024,"VCF0809--VCF0894","VCF0809","VCF0894",0.158881201459168,0.132691374043335,TRUE,TRUE,"POSITIVE","POSITIVE",-0.0261898274158329,0.0261898274158329,FALSE,FALSE,"UNCHANGED","ESTIMABLE_WITH_WARNINGS"
"S09_D11","PAIRWISE_AVAILABLE",2024,"VCF0838--VCF0894","VCF0838","VCF0894",0.0597191234757199,0.0493917929247689,TRUE,TRUE,"POSITIVE","POSITIVE",-0.010327330550951,0.010327330550951,FALSE,FALSE,"UNCHANGED","ESTIMABLE_WITH_WARNINGS"
"S09_D11","PAIRWISE_AVAILABLE",2024,"VCF0839--VCF0894","VCF0839","VCF0894",0.20897158234944,0.214661446730574,TRUE,TRUE,"POSITIVE","POSITIVE",0.00568986438113375,0.00568986438113375,FALSE,FALSE,"UNCHANGED","ESTIMABLE_WITH_WARNINGS"
"S09_D11","PAIRWISE_AVAILABLE",2024,"VCF0879a--VCF0894","VCF0879a","VCF0894",0.117685330392291,0.113886393698345,TRUE,TRUE,"POSITIVE","POSITIVE",-0.00379893669394638,0.00379893669394638,FALSE,FALSE,"UNCHANGED","ESTIMABLE_WITH_WARNINGS"
"S09_D11","PAIRWISE_AVAILABLE",2024,"VCF0888--VCF0894","VCF0888","VCF0894",-0.0305512817079149,-0.0417303055832298,TRUE,TRUE,"NEGATIVE","NEGATIVE",-0.0111790238753149,0.0111790238753149,FALSE,FALSE,"UNCHANGED","ESTIMABLE_WITH_WARNINGS"
"S09_D11","PAIRWISE_AVAILABLE",2024,"VCF0890--VCF0894","VCF0890","VCF0894",0.24336732785639,0.221610954775949,TRUE,TRUE,"POSITIVE","POSITIVE",-0.0217563730804411,0.0217563730804411,FALSE,FALSE,"UNCHANGED","ESTIMABLE_WITH_WARNINGS"
"S09_D11","PAIRWISE_AVAILABLE",2024,"VCF0806--VCF9223","VCF0806","VCF9223",0.103479021160507,0.0961644390401553,TRUE,TRUE,"POSITIVE","POSITIVE",-0.00731458212035198,0.00731458212035198,FALSE,FALSE,"UNCHANGED","ESTIMABLE_WITH_WARNINGS"
"S09_D11","PAIRWISE_AVAILABLE",2024,"VCF0809--VCF9223","VCF0809","VCF9223",0,0,FALSE,FALSE,"ZERO","ZERO",0,0,FALSE,FALSE,"UNCHANGED","ESTIMABLE_WITH_WARNINGS"
"S09_D11","PAIRWISE_AVAILABLE",2024,"VCF0838--VCF9223","VCF0838","VCF9223",0.255748972788864,0.234616146339146,TRUE,TRUE,"POSITIVE","POSITIVE",-0.0211328264497175,0.0211328264497175,FALSE,FALSE,"UNCHANGED","ESTIMABLE_WITH_WARNINGS"
"S09_D11","PAIRWISE_AVAILABLE",2024,"VCF0839--VCF9223","VCF0839","VCF9223",0.00373441296582092,0.0231689268281904,TRUE,TRUE,"POSITIVE","POSITIVE",0.0194345138623695,0.0194345138623695,FALSE,FALSE,"UNCHANGED","ESTIMABLE_WITH_WARNINGS"
"S09_D11","PAIRWISE_AVAILABLE",2024,"VCF0879a--VCF9223","VCF0879a","VCF9223",0.256573200491974,0.254782662259753,TRUE,TRUE,"POSITIVE","POSITIVE",-0.00179053823222058,0.00179053823222058,FALSE,FALSE,"UNCHANGED","ESTIMABLE_WITH_WARNINGS"
"S09_D11","PAIRWISE_AVAILABLE",2024,"VCF0888--VCF9223","VCF0888","VCF9223",-0.145761836891145,-0.129628316246173,TRUE,TRUE,"NEGATIVE","NEGATIVE",0.0161335206449727,0.0161335206449727,FALSE,FALSE,"UNCHANGED","ESTIMABLE_WITH_WARNINGS"
"S09_D11","PAIRWISE_AVAILABLE",2024,"VCF0890--VCF9223","VCF0890","VCF9223",0.0975600014349317,0.0856162369315422,TRUE,TRUE,"POSITIVE","POSITIVE",-0.0119437645033895,0.0119437645033895,FALSE,FALSE,"UNCHANGED","ESTIMABLE_WITH_WARNINGS"
"S09_D11","PAIRWISE_AVAILABLE",2024,"VCF0894--VCF9223","VCF0894","VCF9223",0.0723685538416249,0.0690037392362043,TRUE,TRUE,"POSITIVE","POSITIVE",-0.00336481460542054,0.00336481460542054,FALSE,FALSE,"UNCHANGED","ESTIMABLE_WITH_WARNINGS"
