"File","Relative_path","Size_bytes","SHA256"
"09B_run.log","outputs/logs/09B_run.log",3302,"3A13C2FDE6D43F45A70E155EB183D80C1FFB6B504E527C5B3849089ACED83DD4"
"09B_sessionInfo.txt","outputs/logs/09B_sessionInfo.txt",3160,"9C5F440528E7A208F938D7F365C8C3D650DF0375EB29D9773DF3857F32B56DBD"
"09B_equalN_results.rds","outputs/models/sensitivity/09B_equalN_results.rds",1628441,"629B91E6276AAAB7971AD8466E7C9EA2EC7FA28660D6785B76B784A42E97CE7D"
"09B_equalN_samples.rds","outputs/models/sensitivity/09B_equalN_samples.rds",6776518,"7CC57553DD1A013F9E8C49F13B73B6256988B4506ADE1BE27DEA164622EBB5EB"
"09B_fullN_threshold_models.rds","outputs/models/sensitivity/09B_fullN_threshold_models.rds",360635,"4888864412C537B2A6ECC87CE0A785865FDA056E58F1B078D6CED96A66C97518"
"09B_claim_robustness.csv","outputs/tables/sensitivity/09B_claim_robustness.csv",35007,"7E2549C6E12391874519032308E12C6804CC8AC6F78445708DD25502EB882AC5"
"09B_claim_robustness_summary.csv","outputs/tables/sensitivity/09B_claim_robustness_summary.csv",333,"75A293E655473A6F31B6F804F997CB93A9DC2D4D17CB30FE9AAF42B3CCBC7C0B"
"09B_completion_status.csv","outputs/tables/sensitivity/09B_completion_status.csv",668,"AD57DAC1694E9FEC70103BA686B63742F3AFE4EF7E3792574E1C9B7AD1918EF7"
"09B_contrast_robustness.csv","outputs/tables/sensitivity/09B_contrast_robustness.csv",3379,"1593DDEAA894B6CDCD84705DD5C5FBF294985BC49A4CC94EBA574E7963F8DE03"
"09B_decision_gate.csv","outputs/tables/sensitivity/09B_decision_gate.csv",465,"98CAD981E16BF22A16E2195E1DC48245A602F5EE64CEB57E5747B63108BF574E"
"09B_equalN_edge_summary.csv","outputs/tables/sensitivity/09B_equalN_edge_summary.csv",45734,"8AF16F2CD7B6A6152FCD23AB01C9B881DEA81D834D467CBE340BBF955851679A"
"09B_equalN_network_summary.csv","outputs/tables/sensitivity/09B_equalN_network_summary.csv",1905,"7B21D3659ADF177DA09FC3B69510F44B2695115ADFD83EF22128DD35115F4DA0"
"09B_equalN_run_diagnostics.csv","outputs/tables/sensitivity/09B_equalN_run_diagnostics.csv",4225271,"383DB336FD15FE550BB8B4D5009611D71A47131A7830657C2682E464CC4DBD7B"
"09B_equalN_validation.csv","outputs/tables/sensitivity/09B_equalN_validation.csv",347,"CB4EB4126EA5DDE26076E018C6BB97A9D38C7C383FEBB4CB25D3AD563FBACF5E"
"09B_fullN_threshold_diagnostics.csv","outputs/tables/sensitivity/09B_fullN_threshold_diagnostics.csv",924,"E5E7CE404CF65CF3FFEF784FB1763FDC6BAF3B422950B6FB42AD1696DA4BFBF8"
"09B_fullN_threshold_edge_comparison.csv","outputs/tables/sensitivity/09B_fullN_threshold_edge_comparison.csv",24140,"63EA92FD78D228D660F844468A8C3FAC4D52092D59EA961B8F54B0F9E62633EF"
"09B_input_hash_validation.csv","outputs/tables/sensitivity/09B_input_hash_validation.csv",2354,"34E9EE5CC2F17E7290211ABD8EFD787726CFF50FE27BF9F37013640E0A835476"
"09B_package_gate.csv","outputs/tables/sensitivity/09B_package_gate.csv",123,"6C8848A13580E7B87FF3860105091A4E4113E1B81E220A1E0F15B39B76E2F714"
"09B_pilot_diagnostics.csv","outputs/tables/sensitivity/09B_pilot_diagnostics.csv",167544,"C8D6EC15EDF8F75066A1523C43EFA2367C53880D620E9583A222C61CDB2A2F12"
"09B_pilot_validation.csv","outputs/tables/sensitivity/09B_pilot_validation.csv",262,"A2B71DF56C011D7042238FC176EDFFEC106141E043C9F65BFB45665495881740"
"09B_primary_identity_validation.csv","outputs/tables/sensitivity/09B_primary_identity_validation.csv",288,"DD29C8662FD6F530ED0CB676C9D6D695371454089D6F6C4AB29F9E43C5B9BD87"
"09B_primary_input_validation.csv","outputs/tables/sensitivity/09B_primary_input_validation.csv",402,"DAD8584286937239ED637A74632DCE032462155EFC33DB459F4E0D6F76984AE2"
"09B_run_controls.csv","outputs/tables/sensitivity/09B_run_controls.csv",318,"66B8F9A23FA23D21EB952A5D9CE3B9213E10BA55300CDBB2136C3105A619187B"
"09B_seed_manifest.csv","outputs/tables/sensitivity/09B_seed_manifest.csv",450522,"65F525F1848A8476B979165E3BB5E3264ECB6C493341959578B5F00960BA0A4D"
