"Arm_ID","Wave","Edge_ID","Node_1","Node_2","Primary_edge_weight","Successful_repetitions_saved","Success_rate","Retention_frequency_saved","Primary_state_match_proportion_saved","Same_sign_when_retained","Median_edge_weight_saved","Lower_edge_weight_saved","Upper_edge_weight_saved","Successful_repetitions_recomputed","Retention_frequency_recomputed","Primary_state_match_proportion_recomputed","Median_edge_weight_recomputed","Lower_edge_weight_recomputed","Upper_edge_weight_recomputed","Difference_successful_repetitions","Difference_retention_frequency","Difference_primary_state_match","Difference_median_edge","Difference_lower_edge","Difference_upper_edge","Maximum_row_difference"
"A2",2004,"VCF0839--VCF0894","VCF0839","VCF0894",0.178137225084089,1000,1,1,1,1,0.178137225084089,0.178137225084089,0.178137225084089,1000,1,1,0.178137225084089,0.178137225084089,0.178137225084089,0,0,0,-4.9960036108132e-16,-4.9960036108132e-16,-4.9960036108132e-16,4.9960036108132e-16
"A2",2012,"VCF0879a--VCF0888","VCF0879a","VCF0888",-0.122256344533936,1000,1,0.993,0.993,1,-0.113407341777394,-0.190168466711632,-0.024424596029595,1000,0.993,0.993,-0.113407341777394,-0.190168466711632,-0.024424596029595,0,0,0,-4.44089209850063e-16,-4.9960036108132e-16,-3.81639164714898e-17,4.9960036108132e-16
"A2",2012,"VCF0806--VCF0894","VCF0806","VCF0894",0.14949343454668,1000,1,0.999,0.999,1,0.148535560262032,0.0657175894745599,0.226308665958973,1000,0.999,0.999,0.148535560262032,0.0657175894745599,0.226308665958973,0,0,0,4.71844785465692e-16,4.16333634234434e-17,4.9960036108132e-16,4.9960036108132e-16
"A2",2016,"VCF0839--VCF0894","VCF0839","VCF0894",0.329872988221807,1000,1,1,1,1,0.326008896983702,0.250166411185351,0.396840495016927,1000,1,1,0.326008896983702,0.250166411185351,0.396840495016927,0,0,0,4.9960036108132e-16,-3.88578058618805e-16,3.88578058618805e-16,4.9960036108132e-16
"A2",2020,"VCF0839--VCF0890","VCF0839","VCF0890",0.234815190156645,1000,1,1,1,1,0.230416634088038,0.135715038742766,0.320690634671541,1000,1,1,0.230416634088038,0.135715038742766,0.320690634671541,0,0,0,0,3.33066907387547e-16,4.9960036108132e-16,4.9960036108132e-16
"A2",2024,"VCF0838--VCF9223","VCF0838","VCF9223",0.255748972788864,1000,1,1,1,1,0.252962605564182,0.173860230033356,0.329076593977539,1000,1,1,0.252962605564182,0.173860230033356,0.329076593977539,0,0,0,-4.9960036108132e-16,1.11022302462516e-16,4.9960036108132e-16,4.9960036108132e-16
"A3",2012,"VCF0806--VCF0838","VCF0806","VCF0838",0.163141088733884,1000,1,0.978,0.978,1,0.161885579457137,0.0893419357690084,0.237888549431194,1000,0.978,0.978,0.161885579457137,0.0893419357690084,0.237888549431194,0,0,0,2.4980018054066e-16,1.38777878078145e-17,4.9960036108132e-16,4.9960036108132e-16
"A3",2012,"VCF0809--VCF0839","VCF0809","VCF0839",0.189210653527643,1000,1,0.994,0.994,1,0.189583682531577,0.104894454798693,0.269618608038477,1000,0.994,0.994,0.189583682531577,0.104894454798693,0.269618608038477,0,0,0,1.94289029309402e-16,4.16333634234434e-16,-4.9960036108132e-16,4.9960036108132e-16
"A3",2012,"VCF0839--VCF0888","VCF0839","VCF0888",0.0279994439971449,1000,1,0.127,0.127,1,0,0,0.122474993030321,1000,0.127,0.127,0,0,0.122474993030321,0,0,0,0,0,-4.9960036108132e-16,4.9960036108132e-16
"A3",2012,"VCF0879a--VCF0894","VCF0879a","VCF0894",0.14055343388669,1000,1,0.939,0.939,1,0.142416545235324,0,0.229479507247064,1000,0.939,0.939,0.142416545235324,0,0.229479507247064,0,0,0,-4.9960036108132e-16,0,1.94289029309402e-16,4.9960036108132e-16
"A3",2024,"VCF0806--VCF0809","VCF0806","VCF0809",0.286446415679923,1000,1,1,1,1,0.287212498697456,0.206077609896822,0.367612863778769,1000,1,1,0.287212498697456,0.206077609896822,0.367612863778769,0,0,0,4.9960036108132e-16,-3.60822483003176e-16,-2.77555756156289e-16,4.9960036108132e-16
"A3",2024,"VCF0809--VCF0839","VCF0809","VCF0839",0.282103083965334,1000,1,1,1,1,0.283424672533035,0.193314889837841,0.359972392180594,1000,1,1,0.283424672533035,0.193314889837841,0.359972392180594,0,0,0,-3.88578058618805e-16,4.16333634234434e-16,4.9960036108132e-16,4.9960036108132e-16
"A3",2024,"VCF0809--VCF0888","VCF0809","VCF0888",-0.0352736970916302,1000,1,0.198,0.198,1,0,-0.126945809637135,0,1000,0.198,0.198,0,-0.126945809637135,0,0,0,0,0,-4.9960036108132e-16,0,4.9960036108132e-16
"A2",2020,"VCF0888--VCF9223","VCF0888","VCF9223",-0.11192935869046,1000,1,0.987,0.987,1,-0.107222905012326,-0.193716342403742,-0.0158516855188579,1000,0.987,0.987,-0.107222905012326,-0.193716342403742,-0.0158516855188579,0,0,0,4.85722573273506e-16,2.4980018054066e-16,-1.04083408558608e-17,4.85722573273506e-16
"A3",2016,"VCF0888--VCF0890","VCF0888","VCF0890",0.215890208797959,1000,1,0.983,0.983,1,0.215739177551169,0.121363547531829,0.314158568545655,1000,0.983,0.983,0.215739177551169,0.121363547531829,0.314158568545655,0,0,0,4.44089209850063e-16,4.85722573273506e-16,-1.66533453693773e-16,4.85722573273506e-16
"A2",2012,"VCF0809--VCF0839","VCF0809","VCF0839",0.189210653527643,1000,1,1,1,1,0.186756761039195,0.106463731284556,0.264261449458176,1000,1,1,0.186756761039195,0.106463731284556,0.264261449458176,0,0,0,4.71844785465692e-16,1.2490009027033e-16,2.77555756156289e-16,4.71844785465692e-16
"A2",2012,"VCF0838--VCF0890","VCF0838","VCF0890",0.173712290542379,1000,1,0.999,0.999,1,0.139894874959875,0.0638615294460955,0.23492890469461,1000,0.999,0.999,0.139894874959875,0.0638615294460955,0.23492890469461,0,0,0,-4.71844785465692e-16,4.16333634234434e-17,3.05311331771918e-16,4.71844785465692e-16
"A2",2016,"VCF0809--VCF0839","VCF0809","VCF0839",0.216271398419299,1000,1,1,1,1,0.213897244163568,0.127338869993037,0.289595339488633,1000,1,1,0.213897244163568,0.127338869993037,0.289595339488633,0,0,0,4.71844785465692e-16,-2.4980018054066e-16,4.44089209850063e-16,4.71844785465692e-16
"A2",2016,"VCF0838--VCF0839","VCF0838","VCF0839",0.0636726525169274,1000,1,0.897,0.897,1,0.0534678671866754,0,0.126746323857775,1000,0.897,0.897,0.0534678671866754,0,0.126746323857775,0,0,0,-6.93889390390723e-18,0,-4.71844785465692e-16,4.71844785465692e-16
"A2",2024,"VCF0806--VCF0888","VCF0806","VCF0888",-0.115991969116665,1000,1,0.992,0.992,1,-0.10867526634191,-0.190122044846492,-0.0178938526296641,1000,0.992,0.992,-0.10867526634191,-0.190122044846492,-0.0178938526296641,0,0,0,-3.19189119579733e-16,-4.71844785465692e-16,-1.73472347597681e-17,4.71844785465692e-16
"A3",2012,"VCF0839--VCF0890","VCF0839","VCF0890",0.263346205380432,1000,1,1,1,1,0.257429957354308,0.170100654958726,0.336558001542668,1000,1,1,0.257429957354308,0.170100654958726,0.336558001542668,0,0,0,2.22044604925031e-16,-4.71844785465692e-16,2.77555756156289e-16,4.71844785465692e-16
"A3",2012,"VCF0806--VCF0894","VCF0806","VCF0894",0.14949343454668,1000,1,0.96,0.96,1,0.14953267977864,0,0.23412489749339,1000,0.96,0.96,0.14953267977864,0,0.23412489749339,0,0,0,4.71844785465692e-16,0,1.38777878078145e-16,4.71844785465692e-16
"A3",2016,"VCF0809--VCF0838","VCF0809","VCF0838",-0.0734135665583111,1000,1,0.248,0.248,1,0,-0.145931778784849,0,1000,0.248,0.248,0,-0.145931778784849,0,0,0,0,0,-4.71844785465692e-16,0,4.71844785465692e-16
"A3",2020,"VCF0838--VCF0888","VCF0838","VCF0888",-0.184835629335573,1000,1,0.986,0.986,1,-0.181186797579268,-0.269824249100339,-0.0974385467505056,1000,0.986,0.986,-0.181186797579268,-0.269824249100339,-0.0974385467505056,0,0,0,4.71844785465692e-16,4.44089209850063e-16,-4.16333634234434e-17,4.71844785465692e-16
"A3",2020,"VCF0838--VCF0894","VCF0838","VCF0894",0.0578781092811031,1000,1,0.414,0.414,1,0,0,0.147602357757566,1000,0.414,0.414,0,0,0.147602357757566,0,0,0,0,0,-4.71844785465692e-16,4.71844785465692e-16
"A3",2020,"VCF0806--VCF9223","VCF0806","VCF9223",0.0242233695850124,1000,1,0.163,0.162,0.993865030674847,0,0,0.103225578098279,1000,0.163,0.162,0,0,0.103225578098279,0,0,0,0,0,4.71844785465692e-16,4.71844785465692e-16
"A2",2012,"VCF0806--VCF0879a","VCF0806","VCF0879a",0.0493033840706338,1000,1,0.8,0.8,1,0.0336097073280211,0,0.10146296778848,1000,0.8,0.8,0.0336097073280211,0,0.10146296778848,0,0,0,-4.85722573273506e-17,0,-4.57966997657877e-16,4.57966997657877e-16
"A2",2012,"VCF0879a--VCF0890","VCF0879a","VCF0890",-0.0328432083530345,1000,1,0.303,0.257,0.848184818481848,0,-0.101451468651574,0.0189806224300637,1000,0.303,0.257,0,-0.101451468651574,0.0189806224300637,0,0,0,0,4.57966997657877e-16,1.04083408558608e-17,4.57966997657877e-16
"A3",2012,"VCF0838--VCF9223","VCF0838","VCF9223",0.11975354377938,1000,1,0.656,0.656,1,0.11686763770807,0,0.195811639707988,1000,0.656,0.656,0.11686763770807,0,0.195811639707988,0,0,0,4.57966997657877e-16,0,-4.16333634234434e-16,4.57966997657877e-16
"A3",2016,"VCF0806--VCF0838","VCF0806","VCF0838",0.181921384698232,1000,1,0.999,0.999,1,0.184124392912235,0.108532283446396,0.252287914484446,1000,0.999,0.999,0.184124392912235,0.108532283446396,0.252287914484446,0,0,0,1.94289029309402e-16,-4.57966997657877e-16,-2.22044604925031e-16,4.57966997657877e-16
"A3",2024,"VCF0806--VCF9223","VCF0806","VCF9223",0.103479021160507,1000,1,0.819,0.819,1,0.105110521175207,0,0.180192304012033,1000,0.819,0.819,0.105110521175207,0,0.180192304012033,0,0,0,4.57966997657877e-16,0,3.05311331771918e-16,4.57966997657877e-16
"A2",2004,"VCF0809--VCF0894","VCF0809","VCF0894",0.253193469933843,1000,1,1,1,1,0.253193469933843,0.253193469933843,0.253193469933843,1000,1,1,0.253193469933843,0.253193469933843,0.253193469933843,0,0,0,-4.44089209850063e-16,-4.44089209850063e-16,-4.44089209850063e-16,4.44089209850063e-16
"A2",2004,"VCF0879a--VCF9223","VCF0879a","VCF9223",0.449956286828701,1000,1,1,1,1,0.449956286828701,0.449956286828701,0.449956286828701,1000,1,1,0.449956286828701,0.449956286828701,0.449956286828701,0,0,0,-4.44089209850063e-16,-4.44089209850063e-16,-4.44089209850063e-16,4.44089209850063e-16
"A2",2012,"VCF0879a--VCF0894","VCF0879a","VCF0894",0.14055343388669,1000,1,0.997,0.997,1,0.117480010601983,0.0428042610967175,0.196988351435629,1000,0.997,0.997,0.117480010601983,0.0428042610967175,0.196988351435629,0,0,0,-5.55111512312578e-17,-4.16333634234434e-17,-4.44089209850063e-16,4.44089209850063e-16
"A2",2012,"VCF0879a--VCF9223","VCF0879a","VCF9223",0.469833727138572,1000,1,1,1,1,0.452124938401128,0.382500150982948,0.520095583635381,1000,1,1,0.452124938401128,0.382500150982948,0.520095583635381,0,0,0,-4.44089209850063e-16,-4.44089209850063e-16,2.22044604925031e-16,4.44089209850063e-16
"A2",2016,"VCF0806--VCF0839","VCF0806","VCF0839",0.190850385470592,1000,1,1,1,1,0.19185614621413,0.116436056502912,0.264686030328972,1000,1,1,0.19185614621413,0.116436056502912,0.264686030328972,0,0,0,4.44089209850063e-16,3.7470027081099e-16,3.88578058618805e-16,4.44089209850063e-16
"A2",2016,"VCF0879a--VCF0888","VCF0879a","VCF0888",-0.090754153248673,1000,1,0.974,0.974,1,-0.0894513710748325,-0.173435209647185,0,1000,0.974,0.974,-0.0894513710748325,-0.173435209647185,0,0,0,0,0,-4.44089209850063e-16,0,4.44089209850063e-16
"A2",2016,"VCF0879a--VCF0894","VCF0879a","VCF0894",0.227269099451679,1000,1,1,1,1,0.214685558729353,0.147273811365803,0.283494389639966,1000,1,1,0.214685558729353,0.147273811365803,0.283494389639966,0,0,0,1.38777878078145e-16,2.77555756156289e-16,-4.44089209850063e-16,4.44089209850063e-16
"A2",2020,"VCF0806--VCF0809","VCF0806","VCF0809",0.339019965826395,1000,1,1,1,1,0.333474620446452,0.257900406603115,0.411340141874763,1000,1,1,0.333474620446452,0.257900406603115,0.411340141874763,0,0,0,1.66533453693773e-16,-4.44089209850063e-16,3.33066907387547e-16,4.44089209850063e-16
"A2",2020,"VCF0806--VCF0890","VCF0806","VCF0890",0.0572874494519452,1000,1,0.89,0.885,0.99438202247191,0.0556286840750063,0,0.149575609807159,1000,0.89,0.885,0.0556286840750063,0,0.149575609807159,0,0,0,2.08166817117217e-17,0,-4.44089209850063e-16,4.44089209850063e-16
"A2",2020,"VCF0838--VCF0894","VCF0838","VCF0894",0.0578781092811031,1000,1,0.876,0.87,0.993150684931507,0.0558107455908277,0,0.141667533069459,1000,0.876,0.87,0.0558107455908277,0,0.141667533069459,0,0,0,-1.38777878078145e-17,0,-4.44089209850063e-16,4.44089209850063e-16
"A2",2020,"VCF0879a--VCF0894","VCF0879a","VCF0894",0.220780809671857,1000,1,1,1,1,0.211910216876813,0.126553972980623,0.292722967557607,1000,1,1,0.211910216876813,0.126553972980623,0.292722967557607,0,0,0,-1.94289029309402e-16,-8.32667268468867e-17,-4.44089209850063e-16,4.44089209850063e-16
"A2",2024,"VCF0806--VCF0809","VCF0806","VCF0809",0.286446415679923,1000,1,1,1,1,0.283729489038238,0.203020163295063,0.361484044885131,1000,1,1,0.283729489038238,0.203020163295063,0.361484044885131,0,0,0,4.44089209850063e-16,-1.11022302462516e-16,-5.55111512312578e-17,4.44089209850063e-16
"A2",2024,"VCF0839--VCF0894","VCF0839","VCF0894",0.20897158234944,1000,1,1,1,1,0.207029152063487,0.129276006903315,0.278009448100732,1000,1,1,0.207029152063487,0.129276006903315,0.278009448100732,0,0,0,3.88578058618805e-16,5.55111512312578e-17,-4.44089209850063e-16,4.44089209850063e-16
"A2",2024,"VCF0890--VCF0894","VCF0890","VCF0894",0.24336732785639,1000,1,1,1,1,0.242747104448857,0.154520108271967,0.34003985551237,1000,1,1,0.242747104448857,0.154520108271967,0.34003985551237,0,0,0,5.55111512312578e-17,3.60822483003176e-16,4.44089209850063e-16,4.44089209850063e-16
"A3",2004,"VCF0888--VCF0890","VCF0888","VCF0890",0.246375316880606,1000,1,1,1,1,0.307697439284034,0.307697439284034,0.307697439284034,1000,1,1,0.307697439284034,0.307697439284034,0.307697439284034,0,0,0,4.44089209850063e-16,4.44089209850063e-16,4.44089209850063e-16,4.44089209850063e-16
"A3",2004,"VCF0839--VCF0894","VCF0839","VCF0894",0.178137225084089,1000,1,1,1,1,0.202563773152936,0.202563773152936,0.202563773152936,1000,1,1,0.202563773152936,0.202563773152936,0.202563773152936,0,0,0,4.44089209850063e-16,4.44089209850063e-16,4.44089209850063e-16,4.44089209850063e-16
"A3",2012,"VCF0809--VCF0890","VCF0809","VCF0890",0.0920263712391898,1000,1,0.658,0.658,1,0.0917886394576932,0,0.180167328973229,1000,0.658,0.658,0.0917886394576932,0,0.180167328973229,0,0,0,-2.77555756156289e-17,0,4.44089209850063e-16,4.44089209850063e-16
"A3",2012,"VCF0888--VCF0890","VCF0888","VCF0890",0.305355221016655,1000,1,1,1,1,0.30810140917337,0.211694189889454,0.402184480909044,1000,1,1,0.30810140917337,0.211694189889454,0.402184480909044,0,0,0,3.88578058618805e-16,-8.32667268468867e-17,-4.44089209850063e-16,4.44089209850063e-16
"A3",2012,"VCF0839--VCF0894","VCF0839","VCF0894",0.304754460215999,1000,1,1,1,1,0.304395711473375,0.220291638043395,0.382936809767329,1000,1,1,0.304395711473375,0.220291638043395,0.382936809767329,0,0,0,3.88578058618805e-16,-4.44089209850063e-16,-1.11022302462516e-16,4.44089209850063e-16
"A3",2012,"VCF0879a--VCF9223","VCF0879a","VCF9223",0.469833727138572,1000,1,1,1,1,0.471299505273877,0.401476232060569,0.536513990970922,1000,1,1,0.471299505273877,0.401476232060569,0.536513990970922,0,0,0,4.44089209850063e-16,-5.55111512312578e-17,4.44089209850063e-16,4.44089209850063e-16
"A3",2012,"VCF0894--VCF9223","VCF0894","VCF9223",-0.00920298803560992,1000,1,0.057,0.056,0.982456140350877,0,-0.103775727140509,0,1000,0.057,0.056,0,-0.103775727140509,0,0,0,0,0,-4.44089209850063e-16,0,4.44089209850063e-16
"A3",2016,"VCF0806--VCF0809","VCF0806","VCF0809",0.357600675012053,1000,1,1,1,1,0.3571544078878,0.282384052938131,0.427256957221999,1000,1,1,0.3571544078878,0.282384052938131,0.427256957221999,0,0,0,-2.77555756156289e-16,-1.66533453693773e-16,-4.44089209850063e-16,4.44089209850063e-16
"A3",2016,"VCF0809--VCF0839","VCF0809","VCF0839",0.216271398419299,1000,1,1,1,1,0.21692270285565,0.12895744685642,0.293946640450923,1000,1,1,0.21692270285565,0.12895744685642,0.293946640450923,0,0,0,8.32667268468867e-17,-4.16333634234434e-16,4.44089209850063e-16,4.44089209850063e-16
"A3",2016,"VCF0809--VCF0890","VCF0809","VCF0890",0.052471021635499,1000,1,0.32,0.319,0.996875,0,0,0.140222894939952,1000,0.32,0.319,0,0,0.140222894939952,0,0,0,0,0,4.44089209850063e-16,4.44089209850063e-16
"A3",2016,"VCF0839--VCF0894","VCF0839","VCF0894",0.329872988221807,1000,1,1,1,1,0.330856837910342,0.250283752732689,0.407181706419619,1000,1,1,0.330856837910342,0.250283752732689,0.407181706419619,0,0,0,4.44089209850063e-16,-3.88578058618805e-16,1.66533453693773e-16,4.44089209850063e-16
"A3",2016,"VCF0879a--VCF0894","VCF0879a","VCF0894",0.227269099451679,1000,1,0.999,0.999,1,0.219747743276453,0.144636556649853,0.294733381216249,1000,0.999,0.999,0.219747743276453,0.144636556649853,0.294733381216249,0,0,0,-4.44089209850063e-16,-2.77555756156289e-16,-2.77555756156289e-16,4.44089209850063e-16
"A3",2020,"VCF0839--VCF0890","VCF0839","VCF0890",0.234815190156645,1000,1,1,1,1,0.232404800982088,0.134645447648624,0.321943884303779,1000,1,1,0.232404800982088,0.134645447648624,0.321943884303779,0,0,0,2.77555756156289e-16,1.94289029309402e-16,4.44089209850063e-16,4.44089209850063e-16
"A3",2024,"VCF0809--VCF0838","VCF0809","VCF0838",0.081819208318309,1000,1,0.674,0.674,1,0.0862660799117179,0,0.168532315760265,1000,0.674,0.674,0.0862660799117179,0,0.168532315760265,0,0,0,-1.38777878078145e-17,0,4.44089209850063e-16,4.44089209850063e-16
"A3",2024,"VCF0806--VCF0839","VCF0806","VCF0839",0.173090954828948,1000,1,0.998,0.998,1,0.173460105983592,0.0935818864637791,0.254273943994438,1000,0.998,0.998,0.173460105983592,0.0935818864637791,0.254273943994438,0,0,0,-1.11022302462516e-16,-2.77555756156289e-17,4.44089209850063e-16,4.44089209850063e-16
"A3",2024,"VCF0806--VCF0888","VCF0806","VCF0888",-0.115991969116665,1000,1,0.783,0.783,1,-0.114733671426551,-0.200422165731901,0,1000,0.783,0.783,-0.114733671426551,-0.200422165731901,0,0,0,0,4.44089209850063e-16,-2.77555756156289e-17,0,4.44089209850063e-16
"A3",2024,"VCF0809--VCF0894","VCF0809","VCF0894",0.158881201459168,1000,1,0.992,0.992,1,0.161021886085993,0.0804166997012451,0.245738013747291,1000,0.992,0.992,0.161021886085993,0.0804166997012451,0.245738013747291,0,0,0,-4.44089209850063e-16,4.16333634234434e-17,-1.38777878078145e-16,4.44089209850063e-16
"A3",2024,"VCF0838--VCF9223","VCF0838","VCF9223",0.255748972788864,1000,1,1,1,1,0.256719660106171,0.175937291275823,0.336205776634478,1000,1,1,0.256719660106171,0.175937291275823,0.336205776634478,0,0,0,4.44089209850063e-16,0,-5.55111512312578e-17,4.44089209850063e-16
"A2",2024,"VCF0838--VCF0888","VCF0838","VCF0888",-0.118991017033197,1000,1,0.992,0.992,1,-0.113185822735764,-0.207995060356546,-0.0226933427006216,1000,0.992,0.992,-0.113185822735764,-0.207995060356546,-0.0226933427006216,0,0,0,4.30211422042248e-16,5.55111512312578e-17,-2.42861286636753e-17,4.30211422042248e-16
"A3",2020,"VCF0809--VCF0879a","VCF0809","VCF0879a",0.0313461409353886,1000,1,0.256,0.256,1,0,0,0.108959457456977,1000,0.256,0.256,0,0,0.108959457456977,0,0,0,0,0,-4.30211422042248e-16,4.30211422042248e-16
"A2",2004,"VCF0890--VCF0894","VCF0890","VCF0894",0.163619760585957,1000,1,1,1,1,0.163619760585957,0.163619760585957,0.163619760585957,1000,1,1,0.163619760585957,0.163619760585957,0.163619760585957,0,0,0,4.16333634234434e-16,4.16333634234434e-16,4.16333634234434e-16,4.16333634234434e-16
"A2",2016,"VCF0806--VCF0888","VCF0806","VCF0888",-0.0783115642198743,1000,1,0.937,0.936,0.998932764140875,-0.0684886790184099,-0.14573077087164,0,1000,0.937,0.936,-0.0684886790184099,-0.14573077087164,0,0,0,0,-4.16333634234434e-17,4.16333634234434e-16,0,4.16333634234434e-16
"A2",2016,"VCF0809--VCF0890","VCF0809","VCF0890",0.052471021635499,1000,1,0.879,0.879,1,0.0505905145219681,0,0.134798787247716,1000,0.879,0.879,0.0505905145219681,0,0.134798787247716,0,0,0,-1.38777878078145e-17,0,4.16333634234434e-16,4.16333634234434e-16
"A2",2016,"VCF0839--VCF0890","VCF0839","VCF0890",0.242347657779176,1000,1,1,1,1,0.243542836794338,0.164467918144729,0.317792574883479,1000,1,1,0.243542836794338,0.164467918144729,0.317792574883479,0,0,0,-4.16333634234434e-16,1.66533453693773e-16,-2.22044604925031e-16,4.16333634234434e-16
"A2",2016,"VCF0888--VCF9223","VCF0888","VCF9223",-0.113633115156834,1000,1,0.998,0.998,1,-0.107103012780294,-0.194070262850227,-0.0222246471513683,1000,0.998,0.998,-0.107103012780294,-0.194070262850227,-0.0222246471513683,0,0,0,0,4.16333634234434e-16,1.04083408558608e-17,4.16333634234434e-16
"A2",2020,"VCF0806--VCF0839","VCF0806","VCF0839",0.218609064876532,1000,1,1,1,1,0.214071839725474,0.126498303809871,0.290538714073191,1000,1,1,0.214071839725474,0.126498303809871,0.290538714073191,0,0,0,-1.11022302462516e-16,-4.16333634234434e-16,3.33066907387547e-16,4.16333634234434e-16
"A2",2024,"VCF0809--VCF0838","VCF0809","VCF0838",0.081819208318309,1000,1,0.972,0.972,1,0.0821222767326479,0,0.164100006697068,1000,0.972,0.972,0.0821222767326479,0,0.164100006697068,0,0,0,-4.16333634234434e-17,0,4.16333634234434e-16,4.16333634234434e-16
"A2",2024,"VCF0809--VCF0839","VCF0809","VCF0839",0.282103083965334,1000,1,1,1,1,0.280507135436187,0.191687852399622,0.356294709369967,1000,1,1,0.280507135436187,0.191687852399622,0.356294709369967,0,0,0,-2.22044604925031e-16,4.16333634234434e-16,3.88578058618805e-16,4.16333634234434e-16
"A2",2024,"VCF0806--VCF9223","VCF0806","VCF9223",0.103479021160507,1000,1,0.996,0.996,1,0.101246455888052,0.0287363151416237,0.174970503379185,1000,0.996,0.996,0.101246455888052,0.0287363151416237,0.174970503379185,0,0,0,-2.77555756156289e-17,3.81639164714898e-17,4.16333634234434e-16,4.16333634234434e-16
"A3",2012,"VCF0806--VCF0839","VCF0806","VCF0839",0.234328527509928,1000,1,1,1,1,0.231400684618812,0.150925675342359,0.305097146842002,1000,1,1,0.231400684618812,0.150925675342359,0.305097146842002,0,0,0,3.60822483003176e-16,4.16333634234434e-16,-2.77555756156289e-16,4.16333634234434e-16
"A3",2012,"VCF0838--VCF0888","VCF0838","VCF0888",-0.111103873701375,1000,1,0.558,0.558,1,-0.112747975262097,-0.196460306342953,0,1000,0.558,0.558,-0.112747975262097,-0.196460306342953,0,0,0,0,-3.19189119579733e-16,4.16333634234434e-16,0,4.16333634234434e-16
"A3",2016,"VCF0838--VCF0839","VCF0838","VCF0839",0.0636726525169274,1000,1,0.387,0.387,1,0,0,0.139825632086763,1000,0.387,0.387,0,0,0.139825632086763,0,0,0,0,0,-4.16333634234434e-16,4.16333634234434e-16
"A3",2020,"VCF0806--VCF0839","VCF0806","VCF0839",0.218609064876532,1000,1,1,1,1,0.21818692506003,0.130947154000631,0.297049724910823,1000,1,1,0.21818692506003,0.130947154000631,0.297049724910823,0,0,0,1.38777878078145e-16,-4.16333634234434e-16,1.66533453693773e-16,4.16333634234434e-16
"A3",2020,"VCF0888--VCF0894","VCF0888","VCF0894",-0.068233730564378,1000,1,0.458,0.458,1,0,-0.156338831719035,0,1000,0.458,0.458,0,-0.156338831719035,0,0,0,0,0,4.16333634234434e-16,0,4.16333634234434e-16
"A3",2020,"VCF0838--VCF9223","VCF0838","VCF9223",0.142161290526218,1000,1,0.931,0.931,1,0.139285801758072,0,0.217811630812238,1000,0.931,0.931,0.139285801758072,0,0.217811630812238,0,0,0,4.16333634234434e-16,0,-4.16333634234434e-16,4.16333634234434e-16
"A3",2024,"VCF0839--VCF0890","VCF0839","VCF0890",0.266945440954792,1000,1,1,1,1,0.268425258161371,0.174468415266277,0.349103072864658,1000,1,1,0.268425258161371,0.174468415266277,0.349103072864658,0,0,0,-2.77555756156289e-16,-4.16333634234434e-16,0,4.16333634234434e-16
"A3",2024,"VCF0838--VCF0894","VCF0838","VCF0894",0.0597191234757199,1000,1,0.397,0.397,1,0,0,0.148869874177843,1000,0.397,0.397,0,0,0.148869874177843,0,0,0,0,0,-4.16333634234434e-16,4.16333634234434e-16
"A2",2024,"VCF0879a--VCF0890","VCF0879a","VCF0890",0.0186928727184489,1000,1,0.595,0.545,0.915966386554622,0.00996763746866004,-0.045814687120131,0.112520622892497,1000,0.595,0.545,0.00996763746866004,-0.045814687120131,0.112520622892497,0,0,0,0,6.93889390390723e-18,-4.02455846426619e-16,4.02455846426619e-16
"A2",2024,"VCF0879a--VCF0894","VCF0879a","VCF0894",0.117685330392291,1000,1,0.997,0.997,1,0.105352477075334,0.0266808022608514,0.182838941145758,1000,0.997,0.997,0.105352477075334,0.0266808022608514,0.182838941145758,0,0,0,4.02455846426619e-16,2.08166817117217e-17,1.66533453693773e-16,4.02455846426619e-16
"A2",2004,"VCF0806--VCF0809","VCF0806","VCF0809",0.37199407703599,1000,1,1,1,1,0.37199407703599,0.37199407703599,0.37199407703599,1000,1,1,0.37199407703599,0.37199407703599,0.37199407703599,0,0,0,3.88578058618805e-16,3.88578058618805e-16,3.88578058618805e-16,3.88578058618805e-16
"A2",2012,"VCF0806--VCF0838","VCF0806","VCF0838",0.163141088733884,1000,1,1,1,1,0.142284614276632,0.0781193635613014,0.215920263017952,1000,1,1,0.142284614276632,0.0781193635613014,0.215920263017952,0,0,0,2.4980018054066e-16,2.77555756156289e-17,-3.88578058618805e-16,3.88578058618805e-16
"A2",2012,"VCF0839--VCF0890","VCF0839","VCF0890",0.263346205380432,1000,1,1,1,1,0.258876405461744,0.1775756741593,0.333779968014736,1000,1,1,0.258876405461744,0.1775756741593,0.333779968014736,0,0,0,-3.88578058618805e-16,3.33066907387547e-16,-5.55111512312578e-17,3.88578058618805e-16
"A2",2012,"VCF0809--VCF0894","VCF0809","VCF0894",0.151618352474529,1000,1,0.998,0.998,1,0.148946218509764,0.0618767092076398,0.225339980933937,1000,0.998,0.998,0.148946218509764,0.0618767092076398,0.225339980933937,0,0,0,3.05311331771918e-16,4.85722573273506e-17,-3.88578058618805e-16,3.88578058618805e-16
"A2",2016,"VCF0809--VCF0894","VCF0809","VCF0894",0.173766642629694,1000,1,1,1,1,0.170600196957185,0.0958530648574751,0.243187638954268,1000,1,1,0.170600196957185,0.0958530648574751,0.243187638954268,0,0,0,3.88578058618805e-16,2.77555756156289e-17,-2.77555756156289e-17,3.88578058618805e-16
"A2",2016,"VCF0890--VCF9223","VCF0890","VCF9223",0.0887466384157413,1000,1,0.964,0.964,1,0.0740354776452539,0,0.153288906889536,1000,0.964,0.964,0.0740354776452539,0,0.153288906889536,0,0,0,0,0,-3.88578058618805e-16,3.88578058618805e-16
"A2",2020,"VCF0809--VCF0839","VCF0809","VCF0839",0.266004849180601,1000,1,1,1,1,0.263857924620237,0.178250227848835,0.345586002978445,1000,1,1,0.263857924620237,0.178250227848835,0.345586002978445,0,0,0,3.88578058618805e-16,1.66533453693773e-16,2.77555756156289e-16,3.88578058618805e-16
"A2",2020,"VCF0806--VCF0888","VCF0806","VCF0888",-0.142066445791472,1000,1,0.998,0.998,1,-0.133441116670873,-0.219160087112501,-0.0462013948607517,1000,0.998,0.998,-0.133441116670873,-0.219160087112501,-0.0462013948607517,0,0,0,3.88578058618805e-16,-1.66533453693773e-16,-1.38777878078145e-17,3.88578058618805e-16
"A2",2020,"VCF0888--VCF0894","VCF0888","VCF0894",-0.068233730564378,1000,1,0.863,0.861,0.997682502896871,-0.057138148785438,-0.144413455414527,0,1000,0.863,0.861,-0.057138148785438,-0.144413455414527,0,0,0,0,-4.85722573273506e-17,-3.88578058618805e-16,0,3.88578058618805e-16
"A2",2024,"VCF0809--VCF0894","VCF0809","VCF0894",0.158881201459168,1000,1,1,1,1,0.158413912739513,0.0806400059794491,0.241567774003136,1000,1,1,0.158413912739513,0.0806400059794491,0.241567774003136,0,0,0,3.88578058618805e-16,2.77555756156289e-17,-1.11022302462516e-16,3.88578058618805e-16
"A2",2024,"VCF0890--VCF9223","VCF0890","VCF9223",0.0975600014349317,1000,1,0.952,0.952,1,0.088164203125374,0,0.175734145334681,1000,0.952,0.952,0.088164203125374,0,0.175734145334681,0,0,0,2.77555756156289e-17,0,3.88578058618805e-16,3.88578058618805e-16
"A3",2004,"VCF0806--VCF0839","VCF0806","VCF0839",0.202102045526152,1000,1,1,1,1,0.217191393756195,0.217191393756195,0.217191393756195,1000,1,1,0.217191393756195,0.217191393756195,0.217191393756195,0,0,0,-3.88578058618805e-16,-3.88578058618805e-16,-3.88578058618805e-16,3.88578058618805e-16
"A3",2012,"VCF0806--VCF0809","VCF0806","VCF0809",0.303846021908369,1000,1,1,1,1,0.308331622116457,0.228724174731213,0.381552207789297,1000,1,1,0.308331622116457,0.228724174731213,0.381552207789297,0,0,0,-3.88578058618805e-16,-8.32667268468867e-17,-3.33066907387547e-16,3.88578058618805e-16
"A3",2012,"VCF0879a--VCF0888","VCF0879a","VCF0888",-0.122256344533936,1000,1,0.707,0.707,1,-0.120639448863399,-0.198791455935574,0,1000,0.707,0.707,-0.120639448863399,-0.198791455935574,0,0,0,0,3.88578058618805e-16,-3.33066907387547e-16,0,3.88578058618805e-16
"A3",2012,"VCF0890--VCF0894","VCF0890","VCF0894",0.156670022803228,1000,1,0.961,0.961,1,0.163929937332513,0,0.266467741719402,1000,0.961,0.961,0.163929937332513,0,0.266467741719402,0,0,0,-3.88578058618805e-16,0,5.55111512312578e-17,3.88578058618805e-16
"A3",2016,"VCF0806--VCF0890","VCF0806","VCF0890",0.0590306809790036,1000,1,0.37,0.37,1,0,0,0.137300960886409,1000,0.37,0.37,0,0,0.137300960886409,0,0,0,0,0,3.88578058618805e-16,3.88578058618805e-16
"A3",2016,"VCF0806--VCF0894","VCF0806","VCF0894",0.114332152702858,1000,1,0.921,0.921,1,0.114292717391105,0,0.192014263757128,1000,0.921,0.921,0.114292717391105,0,0.192014263757128,0,0,0,8.32667268468867e-17,0,3.88578058618805e-16,3.88578058618805e-16
"A3",2020,"VCF0809--VCF0888","VCF0809","VCF0888",-0.0260092667248852,1000,1,0.165,0.164,0.993939393939394,0,-0.116927190942548,0,1000,0.165,0.164,0,-0.116927190942548,0,0,0,0,0,-3.88578058618805e-16,0,3.88578058618805e-16
"A3",2024,"VCF0839--VCF0888","VCF0839","VCF0888",-0.0418929526015918,1000,1,0.253,0.253,1,0,-0.134318808413069,0,1000,0.253,0.253,0,-0.134318808413069,0,0,0,0,0,3.88578058618805e-16,0,3.88578058618805e-16
"A3",2024,"VCF0806--VCF0890","VCF0806","VCF0890",0.0935194910662682,1000,1,0.735,0.735,1,0.0911060435062557,0,0.183077434011411,1000,0.735,0.735,0.0911060435062557,0,0.183077434011411,0,0,0,0,0,3.88578058618805e-16,3.88578058618805e-16
"A3",2024,"VCF0888--VCF0890","VCF0888","VCF0890",0.202850964978324,1000,1,0.962,0.962,1,0.217237064008228,0,0.323457812748899,1000,0.962,0.962,0.217237064008228,0,0.323457812748899,0,0,0,-2.22044604925031e-16,0,3.88578058618805e-16,3.88578058618805e-16
"A3",2024,"VCF0890--VCF0894","VCF0890","VCF0894",0.24336732785639,1000,1,1,1,1,0.244937417530837,0.154088892563213,0.343877980342344,1000,1,1,0.244937417530837,0.154088892563213,0.343877980342344,0,0,0,-1.38777878078145e-16,-1.11022302462516e-16,3.88578058618805e-16,3.88578058618805e-16
"A3",2024,"VCF0894--VCF9223","VCF0894","VCF9223",0.0723685538416249,1000,1,0.556,0.556,1,0.0726982943834637,0,0.155941157073585,1000,0.556,0.556,0.0726982943834637,0,0.155941157073585,0,0,0,-1.38777878078145e-17,0,-3.88578058618805e-16,3.88578058618805e-16
"A2",2016,"VCF0838--VCF0894","VCF0838","VCF0894",0.0364902033127705,1000,1,0.757,0.752,0.993394980184941,0.0287736199336298,0,0.114186554495214,1000,0.757,0.752,0.0287736199336298,0,0.114186554495214,0,0,0,-1.38777878078145e-17,0,-3.7470027081099e-16,3.7470027081099e-16
"A2",2012,"VCF0806--VCF0890","VCF0806","VCF0890",0.0586270926415524,1000,1,0.91,0.91,1,0.0609934212049383,0,0.143327745339123,1000,0.91,0.91,0.0609934212049383,0,0.143327745339123,0,0,0,-3.46944695195361e-17,0,3.60822483003176e-16,3.60822483003176e-16
"A2",2020,"VCF0806--VCF0879a","VCF0806","VCF0879a",0.0493009287160725,1000,1,0.88,0.879,0.998863636363636,0.0474038204550846,0,0.125291569808416,1000,0.88,0.879,0.0474038204550846,0,0.125291569808416,0,0,0,6.93889390390723e-18,0,-3.60822483003176e-16,3.60822483003176e-16
"A3",2020,"VCF0888--VCF9223","VCF0888","VCF9223",-0.11192935869046,1000,1,0.735,0.735,1,-0.110742901368948,-0.198734586169462,0,1000,0.735,0.735,-0.110742901368948,-0.198734586169462,0,0,0,0,-1.80411241501588e-16,3.60822483003176e-16,0,3.60822483003176e-16
"A3",2024,"VCF0838--VCF0879a","VCF0838","VCF0879a",0.020217806487761,1000,1,0.052,0.052,1,0,0,0.102693271690353,1000,0.052,0.052,0,0,0.102693271690353,0,0,0,0,0,3.60822483003176e-16,3.60822483003176e-16
"A3",2024,"VCF0838--VCF0890","VCF0838","VCF0890",0.101584072151753,1000,1,0.73,0.73,1,0.10297262979165,0,0.196233643442293,1000,0.73,0.73,0.10297262979165,0,0.196233643442293,0,0,0,2.63677968348475e-16,0,3.60822483003176e-16,3.60822483003176e-16
"A3",2024,"VCF0879a--VCF0888","VCF0879a","VCF0888",-0.121405830251357,1000,1,0.662,0.662,1,-0.118961466250513,-0.209432531157413,0,1000,0.662,0.662,-0.118961466250513,-0.209432531157413,0,0,0,0,-3.46944695195361e-16,5.55111512312578e-17,0,3.46944695195361e-16
"A2",2004,"VCF0806--VCF0839","VCF0806","VCF0839",0.202102045526152,1000,1,1,1,1,0.202102045526152,0.202102045526152,0.202102045526152,1000,1,1,0.202102045526152,0.202102045526152,0.202102045526152,0,0,0,-3.33066907387547e-16,-3.33066907387547e-16,-3.33066907387547e-16,3.33066907387547e-16
"A2",2004,"VCF0839--VCF0890","VCF0839","VCF0890",0.302310172712598,1000,1,1,1,1,0.302310172712598,0.302310172712598,0.302310172712598,1000,1,1,0.302310172712598,0.302310172712598,0.302310172712598,0,0,0,3.33066907387547e-16,3.33066907387547e-16,3.33066907387547e-16,3.33066907387547e-16
"A2",2012,"VCF0806--VCF0809","VCF0806","VCF0809",0.303846021908369,1000,1,1,1,1,0.294793653351131,0.218224404399086,0.367548398744736,1000,1,1,0.294793653351131,0.218224404399086,0.367548398744736,0,0,0,-5.55111512312578e-17,-3.33066907387547e-16,2.77555756156289e-16,3.33066907387547e-16
"A2",2012,"VCF0890--VCF0894","VCF0890","VCF0894",0.156670022803228,1000,1,0.999,0.999,1,0.150189895307981,0.0580202380764935,0.249760749005852,1000,0.999,0.999,0.150189895307981,0.0580202380764935,0.249760749005852,0,0,0,-1.11022302462516e-16,-4.85722573273506e-17,3.33066907387547e-16,3.33066907387547e-16
"A2",2016,"VCF0806--VCF0809","VCF0806","VCF0809",0.357600675012053,1000,1,1,1,1,0.345445322926125,0.271493146170998,0.414268974215791,1000,1,1,0.345445322926125,0.271493146170998,0.414268974215791,0,0,0,-2.77555756156289e-16,-1.11022302462516e-16,-3.33066907387547e-16,3.33066907387547e-16
"A2",2016,"VCF0806--VCF0838","VCF0806","VCF0838",0.181921384698232,1000,1,1,1,1,0.17196310765728,0.0984002571169641,0.241955675755686,1000,1,1,0.17196310765728,0.0984002571169641,0.241955675755686,0,0,0,2.4980018054066e-16,2.77555756156289e-17,3.33066907387547e-16,3.33066907387547e-16
"A2",2016,"VCF0888--VCF0894","VCF0888","VCF0894",-0.0630943703683428,1000,1,0.794,0.791,0.996221662468514,-0.0501442202542727,-0.143111478410121,0,1000,0.794,0.791,-0.0501442202542727,-0.143111478410121,0,0,0,0,3.46944695195361e-17,-3.33066907387547e-16,0,3.33066907387547e-16
"A2",2020,"VCF0879a--VCF0888","VCF0879a","VCF0888",-0.169847882148041,1000,1,1,1,1,-0.169157924175739,-0.24833379657241,-0.0791568585265914,1000,1,1,-0.169157924175739,-0.24833379657241,-0.0791568585265914,0,0,0,3.33066907387547e-16,1.66533453693773e-16,0,3.33066907387547e-16
"A2",2020,"VCF0890--VCF9223","VCF0890","VCF9223",0.101132031781839,1000,1,0.969,0.969,1,0.0859635809009744,0,0.172173960999082,1000,0.969,0.969,0.0859635809009744,0,0.172173960999082,0,0,0,-1.38777878078145e-17,0,3.33066907387547e-16,3.33066907387547e-16
"A2",2024,"VCF0809--VCF0890","VCF0809","VCF0890",0.0707344951564464,1000,1,0.926,0.926,1,0.0722043380952159,0,0.163884158307711,1000,0.926,0.926,0.0722043380952159,0,0.163884158307711,0,0,0,-1.38777878078145e-17,0,3.33066907387547e-16,3.33066907387547e-16
"A2",2024,"VCF0839--VCF0890","VCF0839","VCF0890",0.266945440954792,1000,1,1,1,1,0.264253007423633,0.173450723483879,0.340392925445297,1000,1,1,0.264253007423633,0.173450723483879,0.340392925445297,0,0,0,1.66533453693773e-16,2.4980018054066e-16,-3.33066907387547e-16,3.33066907387547e-16
"A3",2004,"VCF0809--VCF0894","VCF0809","VCF0894",0.253193469933843,1000,1,1,1,1,0.284526686024327,0.284526686024327,0.284526686024327,1000,1,1,0.284526686024327,0.284526686024327,0.284526686024327,0,0,0,-3.33066907387547e-16,-3.33066907387547e-16,-3.33066907387547e-16,3.33066907387547e-16
"A3",2012,"VCF0806--VCF0890","VCF0806","VCF0890",0.0586270926415524,1000,1,0.415,0.415,1,0,0,0.15577593091831,1000,0.415,0.415,0,0,0.15577593091831,0,0,0,0,0,-3.33066907387547e-16,3.33066907387547e-16
"A3",2016,"VCF0806--VCF0839","VCF0806","VCF0839",0.190850385470592,1000,1,0.999,0.999,1,0.191426353907551,0.112269701904156,0.266374588403232,1000,0.999,0.999,0.191426353907551,0.112269701904156,0.266374588403232,0,0,0,-8.32667268468867e-17,3.33066907387547e-16,2.77555756156289e-16,3.33066907387547e-16
"A3",2016,"VCF0806--VCF0888","VCF0806","VCF0888",-0.0783115642198743,1000,1,0.469,0.469,1,0,-0.158515138236887,0,1000,0.469,0.469,0,-0.158515138236887,0,0,0,0,0,3.33066907387547e-16,0,3.33066907387547e-16
"A3",2016,"VCF0879a--VCF9223","VCF0879a","VCF9223",0.440934290526284,1000,1,1,1,1,0.438864031955043,0.374761856902443,0.506552033357121,1000,1,1,0.438864031955043,0.374761856902443,0.506552033357121,0,0,0,3.33066907387547e-16,0,-1.11022302462516e-16,3.33066907387547e-16
"A3",2020,"VCF0806--VCF0838","VCF0806","VCF0838",0.194720924461167,1000,1,0.998,0.998,1,0.190727820405413,0.107602547937611,0.275886772420342,1000,0.998,0.998,0.190727820405413,0.107602547937611,0.275886772420342,0,0,0,2.77555756156289e-17,3.33066907387547e-16,1.66533453693773e-16,3.33066907387547e-16
"A3",2020,"VCF0809--VCF0839","VCF0809","VCF0839",0.266004849180601,1000,1,1,1,1,0.26767306504932,0.178392529553018,0.345689108018707,1000,1,1,0.26767306504932,0.178392529553018,0.345689108018707,0,0,0,-1.11022302462516e-16,2.4980018054066e-16,-3.33066907387547e-16,3.33066907387547e-16
"A3",2020,"VCF0838--VCF0890","VCF0838","VCF0890",0.139154682441411,1000,1,0.872,0.872,1,0.135998287106485,0,0.226194795004449,1000,0.872,0.872,0.135998287106485,0,0.226194795004449,0,0,0,3.33066907387547e-16,0,0,3.33066907387547e-16
"A3",2020,"VCF0890--VCF0894","VCF0890","VCF0894",0.155260312714881,1000,1,0.953,0.953,1,0.154332412241904,0,0.25721936722215,1000,0.953,0.953,0.154332412241904,0,0.25721936722215,0,0,0,2.4980018054066e-16,0,-3.33066907387547e-16,3.33066907387547e-16
"A2",2024,"VCF0879a--VCF0888","VCF0879a","VCF0888",-0.121405830251357,1000,1,0.99,0.99,1,-0.114775247723157,-0.202154364342453,-0.0274883668772991,1000,0.99,0.99,-0.114775247723157,-0.202154364342453,-0.0274883668772991,0,0,0,3.19189119579733e-16,2.77555756156289e-16,-1.04083408558608e-17,3.19189119579733e-16
"A2",2012,"VCF0809--VCF0890","VCF0809","VCF0890",0.0920263712391898,1000,1,0.991,0.991,1,0.0960672349002638,0.0179038465577609,0.178042452500862,1000,0.991,0.991,0.0960672349002638,0.0179038465577609,0.178042452500862,0,0,0,4.16333634234434e-17,-2.77555756156289e-17,-3.05311331771918e-16,3.05311331771918e-16
"A2",2012,"VCF0839--VCF0894","VCF0839","VCF0894",0.304754460215999,1000,1,1,1,1,0.299716529367202,0.218409860561856,0.374636947615772,1000,1,1,0.299716529367202,0.218409860561856,0.374636947615772,0,0,0,2.22044604925031e-16,3.05311331771918e-16,2.77555756156289e-16,3.05311331771918e-16
"A2",2016,"VCF0890--VCF0894","VCF0890","VCF0894",0.122481274464188,1000,1,0.991,0.991,1,0.115619597064611,0.0161478626878674,0.212864130922062,1000,0.991,0.991,0.115619597064611,0.0161478626878674,0.212864130922062,0,0,0,0,3.81639164714898e-17,3.05311331771918e-16,3.05311331771918e-16
"A2",2020,"VCF0838--VCF9223","VCF0838","VCF9223",0.142161290526218,1000,1,1,1,1,0.136638978475949,0.0540222209559491,0.208663904514185,1000,1,1,0.136638978475949,0.0540222209559491,0.208663904514185,0,0,0,3.05311331771918e-16,-2.77555756156289e-17,-8.32667268468867e-17,3.05311331771918e-16
"A2",2024,"VCF0838--VCF0890","VCF0838","VCF0890",0.101584072151753,1000,1,0.968,0.968,1,0.0990091158957049,0,0.187811957555013,1000,0.968,0.968,0.0990091158957049,0,0.187811957555013,0,0,0,-4.16333634234434e-17,0,3.05311331771918e-16,3.05311331771918e-16
"A2",2024,"VCF0894--VCF9223","VCF0894","VCF9223",0.0723685538416249,1000,1,0.952,0.952,1,0.0730996147028872,0,0.150246242047011,1000,0.952,0.952,0.0730996147028872,0,0.150246242047011,0,0,0,2.77555756156289e-17,0,-3.05311331771918e-16,3.05311331771918e-16
"A3",2004,"VCF0806--VCF0890","VCF0806","VCF0890",0.112679497729288,1000,1,1,1,1,0.128477090747899,0.128477090747899,0.128477090747899,1000,1,1,0.128477090747899,0.128477090747899,0.128477090747899,0,0,0,-3.05311331771918e-16,-3.05311331771918e-16,-3.05311331771918e-16,3.05311331771918e-16
"A3",2012,"VCF0809--VCF0894","VCF0809","VCF0894",0.151618352474529,1000,1,0.953,0.953,1,0.154256613963236,0,0.233177471726798,1000,0.953,0.953,0.154256613963236,0,0.233177471726798,0,0,0,-1.94289029309402e-16,0,-3.05311331771918e-16,3.05311331771918e-16
"A3",2020,"VCF0809--VCF0894","VCF0809","VCF0894",0.167624716218426,1000,1,0.997,0.997,1,0.165549826134066,0.0865591103279726,0.243275549864151,1000,0.997,0.997,0.165549826134066,0.0865591103279726,0.243275549864151,0,0,0,-3.05311331771918e-16,-4.16333634234434e-17,-2.22044604925031e-16,3.05311331771918e-16
"A3",2024,"VCF0888--VCF0894","VCF0888","VCF0894",-0.0305512817079149,1000,1,0.193,0.19,0.984455958549223,0,-0.125479404187024,0,1000,0.193,0.19,0,-0.125479404187024,0,0,0,0,0,-3.05311331771918e-16,0,3.05311331771918e-16
"A3",2024,"VCF0888--VCF9223","VCF0888","VCF9223",-0.145761836891145,1000,1,0.89,0.89,1,-0.148523188689829,-0.243409216699126,0,1000,0.89,0.89,-0.148523188689829,-0.243409216699126,0,0,0,0,-3.05311331771918e-16,5.55111512312578e-17,0,3.05311331771918e-16
"A2",2020,"VCF0838--VCF0839","VCF0838","VCF0839",0.0258476371914002,1000,1,0.692,0.685,0.989884393063584,0.0241731690114897,0,0.110822815809451,1000,0.692,0.685,0.0241731690114897,0,0.110822815809451,0,0,0,-2.08166817117217e-17,0,-2.91433543964104e-16,2.91433543964104e-16
"A2",2024,"VCF0888--VCF0894","VCF0888","VCF0894",-0.0305512817079149,1000,1,0.664,0.641,0.965361445783133,-0.0281989748020817,-0.118586239540404,0,1000,0.664,0.641,-0.0281989748020817,-0.118586239540404,0,0,0,0,4.85722573273506e-17,-2.91433543964104e-16,0,2.91433543964104e-16
"A3",2012,"VCF0806--VCF0888","VCF0806","VCF0888",-0.023095672005309,1000,1,0.057,0.057,1,0,-0.109450863378143,0,1000,0.057,0.057,0,-0.109450863378143,0,0,0,0,0,-2.91433543964104e-16,0,2.91433543964104e-16
"A2",2012,"VCF0806--VCF0839","VCF0806","VCF0839",0.234328527509928,1000,1,1,1,1,0.230401042795294,0.154864398429543,0.300428073109231,1000,1,1,0.230401042795294,0.154864398429543,0.300428073109231,0,0,0,5.55111512312578e-17,-1.38777878078145e-16,-2.77555756156289e-16,2.77555756156289e-16
"A2",2012,"VCF0888--VCF0890","VCF0888","VCF0890",0.305355221016655,1000,1,1,1,1,0.279258815763203,0.190800295230769,0.368387564289179,1000,1,1,0.279258815763203,0.190800295230769,0.368387564289179,0,0,0,2.22044604925031e-16,1.94289029309402e-16,2.77555756156289e-16,2.77555756156289e-16
"A2",2016,"VCF0879a--VCF9223","VCF0879a","VCF9223",0.440934290526284,1000,1,1,1,1,0.431126726238306,0.36708086726641,0.4941903272028,1000,1,1,0.431126726238306,0.36708086726641,0.4941903272028,0,0,0,-2.77555756156289e-16,-1.11022302462516e-16,-5.55111512312578e-17,2.77555756156289e-16
"A3",2012,"VCF0838--VCF0890","VCF0838","VCF0890",0.173712290542379,1000,1,0.963,0.963,1,0.172553920339412,0,0.262377469388614,1000,0.963,0.963,0.172553920339412,0,0.262377469388614,0,0,0,-2.77555756156289e-17,0,-2.77555756156289e-16,2.77555756156289e-16
"A3",2012,"VCF0838--VCF0894","VCF0838","VCF0894",-0.0427267061442297,1000,1,0.142,0.142,1,0,-0.136925330824547,0,1000,0.142,0.142,0,-0.136925330824547,0,0,0,0,0,2.77555756156289e-16,0,2.77555756156289e-16
"A3",2012,"VCF0888--VCF0894","VCF0888","VCF0894",0,1000,1,0.046,0.954,,0,-0.103457723829231,0,1000,0.046,0.954,0,-0.103457723829231,0,0,0,0,0,-2.77555756156289e-16,0,2.77555756156289e-16
"A3",2012,"VCF0839--VCF9223","VCF0839","VCF9223",0.0271344846048082,1000,1,0.119,0.119,1,0,0,0.105748570420426,1000,0.119,0.119,0,0,0.105748570420426,0,0,0,0,0,-2.77555756156289e-16,2.77555756156289e-16
"A3",2016,"VCF0838--VCF0888","VCF0838","VCF0888",-0.101292565988874,1000,1,0.481,0.481,1,0,-0.182603550378761,0,1000,0.481,0.481,0,-0.182603550378761,0,0,0,0,0,2.77555756156289e-16,0,2.77555756156289e-16
"A3",2016,"VCF0879a--VCF0888","VCF0879a","VCF0888",-0.090754153248673,1000,1,0.512,0.512,1,-0.0927900774309351,-0.177759652582038,0,1000,0.512,0.512,-0.0927900774309351,-0.177759652582038,0,0,0,0,-4.16333634234434e-17,2.77555756156289e-16,0,2.77555756156289e-16
"A3",2016,"VCF0839--VCF0890","VCF0839","VCF0890",0.242347657779176,1000,1,1,1,1,0.242239559783958,0.161280648260281,0.319988076397097,1000,1,1,0.242239559783958,0.161280648260281,0.319988076397097,0,0,0,-2.77555756156289e-16,-2.22044604925031e-16,0,2.77555756156289e-16
"A3",2016,"VCF0809--VCF0894","VCF0809","VCF0894",0.173766642629694,1000,1,0.998,0.998,1,0.17568520434502,0.0981119468163972,0.250701808758366,1000,0.998,0.998,0.17568520434502,0.0981119468163972,0.250701808758366,0,0,0,2.77555756156289e-16,0,-2.22044604925031e-16,2.77555756156289e-16
"A3",2016,"VCF0890--VCF0894","VCF0890","VCF0894",0.122481274464188,1000,1,0.825,0.825,1,0.118637663369801,0,0.218595111807808,1000,0.825,0.825,0.118637663369801,0,0.218595111807808,0,0,0,-2.77555756156289e-16,0,-2.4980018054066e-16,2.77555756156289e-16
"A3",2020,"VCF0806--VCF0809","VCF0806","VCF0809",0.339019965826395,1000,1,1,1,1,0.335785174436677,0.258118774696495,0.413125827917616,1000,1,1,0.335785174436677,0.258118774696495,0.413125827917616,0,0,0,1.66533453693773e-16,-5.55111512312578e-17,2.77555756156289e-16,2.77555756156289e-16
"A3",2024,"VCF0879a--VCF9223","VCF0879a","VCF9223",0.256573200491974,1000,1,1,1,1,0.258639416555051,0.176979407980568,0.330500293055102,1000,1,1,0.258639416555051,0.176979407980568,0.330500293055102,0,0,0,-5.55111512312578e-17,2.77555756156289e-17,2.77555756156289e-16,2.77555756156289e-16
"A3",2012,"VCF0839--VCF0879a","VCF0839","VCF0879a",0.0243666958303837,1000,1,0.11,0.108,0.981818181818182,0,0,0.103320308736508,1000,0.11,0.108,0,0,0.103320308736508,0,0,0,0,0,-2.63677968348475e-16,2.63677968348475e-16
"A2",2004,"VCF0888--VCF0890","VCF0888","VCF0890",0.246375316880606,1000,1,1,1,1,0.246375316880606,0.246375316880606,0.246375316880606,1000,1,1,0.246375316880606,0.246375316880606,0.246375316880606,0,0,0,-2.4980018054066e-16,-2.4980018054066e-16,-2.4980018054066e-16,2.4980018054066e-16
"A2",2020,"VCF0806--VCF0894","VCF0806","VCF0894",0.0796373739812811,1000,1,0.963,0.963,1,0.0844038367059644,0,0.167560772692648,1000,0.963,0.963,0.0844038367059644,0,0.167560772692648,0,0,0,-4.16333634234434e-17,0,2.4980018054066e-16,2.4980018054066e-16
"A2",2020,"VCF0839--VCF0894","VCF0839","VCF0894",0.244511389929148,1000,1,1,1,1,0.241471943794486,0.154908432421539,0.324905360692196,1000,1,1,0.241471943794486,0.154908432421539,0.324905360692196,0,0,0,-5.55111512312578e-17,-2.4980018054066e-16,-1.11022302462516e-16,2.4980018054066e-16
"A3",2004,"VCF0890--VCF0894","VCF0890","VCF0894",0.163619760585957,1000,1,1,1,1,0.175737961379642,0.175737961379642,0.175737961379642,1000,1,1,0.175737961379642,0.175737961379642,0.175737961379642,0,0,0,-2.4980018054066e-16,-2.4980018054066e-16,-2.4980018054066e-16,2.4980018054066e-16
"A3",2012,"VCF0806--VCF0879a","VCF0806","VCF0879a",0.0493033840706338,1000,1,0.179,0.179,1,0,0,0.115389143481586,1000,0.179,0.179,0,0,0.115389143481586,0,0,0,0,0,2.4980018054066e-16,2.4980018054066e-16
"A3",2016,"VCF0838--VCF0890","VCF0838","VCF0890",0.108612599323994,1000,1,0.67,0.67,1,0.1099466281554,0,0.189731639408105,1000,0.67,0.67,0.1099466281554,0,0.189731639408105,0,0,0,1.94289029309402e-16,0,-2.4980018054066e-16,2.4980018054066e-16
"A3",2024,"VCF0838--VCF0888","VCF0838","VCF0888",-0.118991017033197,1000,1,0.725,0.725,1,-0.120466881392794,-0.214725046190943,0,1000,0.725,0.725,-0.120466881392794,-0.214725046190943,0,0,0,0,-1.38777878078145e-17,-2.4980018054066e-16,0,2.4980018054066e-16
"A2",2016,"VCF0838--VCF0879a","VCF0838","VCF0879a",0.0198466846918451,1000,1,0.664,0.648,0.975903614457831,0.0184755881223952,0,0.104674857318073,1000,0.664,0.648,0.0184755881223952,0,0.104674857318073,0,0,0,0,0,-2.35922392732846e-16,2.35922392732846e-16
"A2",2016,"VCF0838--VCF0890","VCF0838","VCF0890",0.108612599323994,1000,1,0.992,0.991,0.998991935483871,0.10112094621383,0.0199426005866016,0.177375787548334,1000,0.992,0.991,0.10112094621383,0.0199426005866016,0.177375787548334,0,0,0,2.22044604925031e-16,2.77555756156289e-17,-2.77555756156289e-17,2.22044604925031e-16
"A2",2020,"VCF0806--VCF0838","VCF0806","VCF0838",0.194720924461167,1000,1,1,1,1,0.191263793990876,0.109447643957316,0.270890858757106,1000,1,1,0.191263793990876,0.109447643957316,0.270890858757106,0,0,0,5.55111512312578e-17,-1.38777878078145e-16,2.22044604925031e-16,2.22044604925031e-16
"A2",2020,"VCF0838--VCF0888","VCF0838","VCF0888",-0.184835629335573,1000,1,1,1,1,-0.175733604480247,-0.263057505043206,-0.0913220277343088,1000,1,1,-0.175733604480247,-0.263057505043206,-0.0913220277343088,0,0,0,-1.94289029309402e-16,2.22044604925031e-16,1.38777878078145e-17,2.22044604925031e-16
"A2",2020,"VCF0890--VCF0894","VCF0890","VCF0894",0.155260312714881,1000,1,0.998,0.998,1,0.150508386520901,0.0515792869074761,0.251446220439427,1000,0.998,0.998,0.150508386520901,0.0515792869074761,0.251446220439427,0,0,0,-1.94289029309402e-16,2.77555756156289e-17,2.22044604925031e-16,2.22044604925031e-16
"A2",2020,"VCF0879a--VCF9223","VCF0879a","VCF9223",0.436152559373321,1000,1,1,1,1,0.426191805314152,0.347083399003769,0.500777375623306,1000,1,1,0.426191805314152,0.347083399003769,0.500777375623306,0,0,0,5.55111512312578e-17,2.22044604925031e-16,-1.11022302462516e-16,2.22044604925031e-16
"A2",2024,"VCF0806--VCF0839","VCF0806","VCF0839",0.173090954828948,1000,1,1,1,1,0.173969631669694,0.0966439602141567,0.254153183248432,1000,1,1,0.173969631669694,0.0966439602141567,0.254153183248432,0,0,0,0,0,-2.22044604925031e-16,2.22044604925031e-16
"A2",2024,"VCF0879a--VCF9223","VCF0879a","VCF9223",0.256573200491974,1000,1,1,1,1,0.253132138909665,0.173465740395541,0.323923902832103,1000,1,1,0.253132138909665,0.173465740395541,0.323923902832103,0,0,0,-2.22044604925031e-16,-1.66533453693773e-16,-5.55111512312578e-17,2.22044604925031e-16
"A3",2004,"VCF0879a--VCF0888","VCF0879a","VCF0888",-0.0743041345843866,1000,1,1,1,1,-0.101579839101436,-0.101579839101436,-0.101579839101436,1000,1,1,-0.101579839101436,-0.101579839101436,-0.101579839101436,0,0,0,-2.22044604925031e-16,-2.22044604925031e-16,-2.22044604925031e-16,2.22044604925031e-16
"A3",2004,"VCF0839--VCF0890","VCF0839","VCF0890",0.302310172712598,1000,1,1,1,1,0.307697936444582,0.307697936444582,0.307697936444582,1000,1,1,0.307697936444582,0.307697936444582,0.307697936444582,0,0,0,-2.22044604925031e-16,-2.22044604925031e-16,-2.22044604925031e-16,2.22044604925031e-16
"A3",2016,"VCF0838--VCF9223","VCF0838","VCF9223",0.143965510367613,1000,1,0.899,0.899,1,0.141362271815764,0,0.208911614765254,1000,0.899,0.899,0.141362271815764,0,0.208911614765254,0,0,0,-2.22044604925031e-16,0,2.77555756156289e-17,2.22044604925031e-16
"A3",2020,"VCF0839--VCF0894","VCF0839","VCF0894",0.244511389929148,1000,1,1,1,1,0.247006050724569,0.157492145967767,0.331327538716531,1000,1,1,0.247006050724569,0.157492145967767,0.331327538716531,0,0,0,-1.38777878078145e-16,1.11022302462516e-16,-2.22044604925031e-16,2.22044604925031e-16
"A3",2020,"VCF0879a--VCF9223","VCF0879a","VCF9223",0.436152559373321,1000,1,1,1,1,0.431810042560949,0.350856392165203,0.506792992460911,1000,1,1,0.431810042560949,0.350856392165203,0.506792992460911,0,0,0,-2.22044604925031e-16,5.55111512312578e-17,-1.11022302462516e-16,2.22044604925031e-16
"A3",2024,"VCF0839--VCF0894","VCF0839","VCF0894",0.20897158234944,1000,1,1,1,1,0.207737195193099,0.129270079087765,0.28144754215687,1000,1,1,0.207737195193099,0.129270079087765,0.28144754215687,0,0,0,-1.38777878078145e-16,2.22044604925031e-16,1.11022302462516e-16,2.22044604925031e-16
"A3",2024,"VCF0890--VCF9223","VCF0890","VCF9223",0.0975600014349317,1000,1,0.708,0.708,1,0.0973006155480707,0,0.186818779130491,1000,0.708,0.708,0.0973006155480707,0,0.186818779130491,0,0,0,0,0,-2.22044604925031e-16,2.22044604925031e-16
"A3",2024,"VCF0879a--VCF0894","VCF0879a","VCF0894",0.117685330392291,1000,1,0.778,0.778,1,0.113935265982966,0,0.200128795923504,1000,0.778,0.778,0.113935265982966,0,0.200128795923504,0,0,0,-2.08166817117217e-16,0,1.94289029309402e-16,2.08166817117217e-16
"A2",2016,"VCF0806--VCF0894","VCF0806","VCF0894",0.114332152702858,1000,1,0.999,0.999,1,0.121579889367771,0.043554381279464,0.195352785914886,1000,0.999,0.999,0.121579889367771,0.043554381279464,0.195352785914886,0,0,0,1.94289029309402e-16,-4.16333634234434e-17,1.11022302462516e-16,1.94289029309402e-16
"A3",2012,"VCF0879a--VCF0890","VCF0879a","VCF0890",-0.0328432083530345,1000,1,0.134,0.132,0.985074626865672,0,-0.135385033242396,0,1000,0.134,0.132,0,-0.135385033242396,0,0,0,0,0,1.94289029309402e-16,0,1.94289029309402e-16
"A3",2020,"VCF0879a--VCF0890","VCF0879a","VCF0890",0.0240302065982658,1000,1,0.201,0.195,0.970149253731343,0,0,0.13016291533107,1000,0.201,0.195,0,0,0.13016291533107,0,0,0,0,0,-1.94289029309402e-16,1.94289029309402e-16
"A2",2012,"VCF0809--VCF0888","VCF0809","VCF0888",0.0462895145169454,1000,1,0.759,0.756,0.99604743083004,0.0302018779634722,0,0.11020283451584,1000,0.759,0.756,0.0302018779634722,0,0.11020283451584,0,0,0,-3.46944695195361e-17,0,-1.66533453693773e-16,1.66533453693773e-16
"A2",2016,"VCF0809--VCF0838","VCF0809","VCF0838",-0.0734135665583111,1000,1,0.643,0.643,1,-0.0425622922139948,-0.12741475459993,0,1000,0.643,0.643,-0.0425622922139948,-0.12741475459993,0,0,0,0,-6.93889390390723e-18,-1.66533453693773e-16,0,1.66533453693773e-16
"A2",2020,"VCF0838--VCF0890","VCF0838","VCF0890",0.139154682441411,1000,1,0.989,0.989,1,0.130205367882559,0.0289871439763957,0.220175619082045,1000,0.989,0.989,0.130205367882559,0.0289871439763957,0.220175619082045,0,0,0,1.66533453693773e-16,4.16333634234434e-17,2.77555756156289e-17,1.66533453693773e-16
"A2",2020,"VCF0809--VCF0894","VCF0809","VCF0894",0.167624716218426,1000,1,1,1,1,0.166740116785831,0.0904309924592906,0.239955633870163,1000,1,1,0.166740116785831,0.0904309924592906,0.239955633870163,0,0,0,-1.66533453693773e-16,-5.55111512312578e-17,1.66533453693773e-16,1.66533453693773e-16
"A2",2024,"VCF0888--VCF9223","VCF0888","VCF9223",-0.145761836891145,1000,1,0.998,0.998,1,-0.14204480753944,-0.236452488859109,-0.0500889955983249,1000,0.998,0.998,-0.14204480753944,-0.236452488859109,-0.0500889955983249,0,0,0,-5.55111512312578e-17,-1.66533453693773e-16,3.46944695195361e-17,1.66533453693773e-16
"A3",2004,"VCF0879a--VCF9223","VCF0879a","VCF9223",0.449956286828701,1000,1,1,1,1,0.477040231687439,0.477040231687439,0.477040231687439,1000,1,1,0.477040231687439,0.477040231687439,0.477040231687439,0,0,0,-1.66533453693773e-16,-1.66533453693773e-16,-1.66533453693773e-16,1.66533453693773e-16
"A3",2016,"VCF0888--VCF0894","VCF0888","VCF0894",-0.0630943703683428,1000,1,0.378,0.378,1,0,-0.158498197140571,0,1000,0.378,0.378,0,-0.158498197140571,0,0,0,0,0,1.66533453693773e-16,0,1.66533453693773e-16
"A3",2020,"VCF0879a--VCF0894","VCF0879a","VCF0894",0.220780809671857,1000,1,1,1,1,0.218477327053389,0.128400893731854,0.299960764820891,1000,1,1,0.218477327053389,0.128400893731854,0.299960764820891,0,0,0,2.77555756156289e-17,-1.38777878078145e-16,-1.66533453693773e-16,1.66533453693773e-16
"A3",2024,"VCF0838--VCF0839","VCF0838","VCF0839",0.0952675388816836,1000,1,0.751,0.751,1,0.0920823136726246,0,0.179615459209318,1000,0.751,0.751,0.0920823136726246,0,0.179615459209318,0,0,0,2.77555756156289e-17,0,-1.66533453693773e-16,1.66533453693773e-16
"A3",2024,"VCF0806--VCF0894","VCF0806","VCF0894",0.115925421886945,1000,1,0.889,0.889,1,0.111154731936296,0,0.199147901031998,1000,0.889,0.889,0.111154731936296,0,0.199147901031998,0,0,0,0,0,1.66533453693773e-16,1.66533453693773e-16
"A2",2004,"VCF0806--VCF0890","VCF0806","VCF0890",0.112679497729288,1000,1,1,1,1,0.112679497729288,0.112679497729288,0.112679497729288,1000,1,1,0.112679497729288,0.112679497729288,0.112679497729288,0,0,0,1.52655665885959e-16,1.52655665885959e-16,1.52655665885959e-16,1.52655665885959e-16
"A3",2016,"VCF0838--VCF0894","VCF0838","VCF0894",0.0364902033127705,1000,1,0.176,0.176,1,0,0,0.124636955463279,1000,0.176,0.176,0,0,0.124636955463279,0,0,0,0,0,1.52655665885959e-16,1.52655665885959e-16
"A3",2020,"VCF0809--VCF0838","VCF0809","VCF0838",0.0284272171043005,1000,1,0.209,0.207,0.990430622009569,0,0,0.114055702678958,1000,0.209,0.207,0,0,0.114055702678958,0,0,0,0,0,-1.52655665885959e-16,1.52655665885959e-16
"A2",2012,"VCF0838--VCF0888","VCF0838","VCF0888",-0.111103873701375,1000,1,0.925,0.925,1,-0.078429578767044,-0.165449790943166,0,1000,0.925,0.925,-0.078429578767044,-0.165449790943166,0,0,0,0,-1.38777878078145e-17,1.38777878078145e-16,0,1.38777878078145e-16
"A2",2016,"VCF0888--VCF0890","VCF0888","VCF0890",0.215890208797959,1000,1,1,1,1,0.193904563194384,0.0946621503851484,0.294169160489331,1000,1,1,0.193904563194384,0.0946621503851484,0.294169160489331,0,0,0,-1.38777878078145e-16,1.38777878078145e-17,-5.55111512312578e-17,1.38777878078145e-16
"A2",2024,"VCF0839--VCF0888","VCF0839","VCF0888",-0.0418929526015918,1000,1,0.708,0.701,0.990112994350282,-0.032852097139426,-0.115482958500812,0,1000,0.708,0.701,-0.032852097139426,-0.115482958500812,0,0,0,0,-4.16333634234434e-17,1.38777878078145e-16,0,1.38777878078145e-16
"A3",2016,"VCF0838--VCF0879a","VCF0838","VCF0879a",0.0198466846918451,1000,1,0.07,0.07,1,0,0,0.105700708058284,1000,0.07,0.07,0,0,0.105700708058284,0,0,0,0,0,-1.38777878078145e-16,1.38777878078145e-16
"A3",2016,"VCF0888--VCF9223","VCF0888","VCF9223",-0.113633115156834,1000,1,0.687,0.687,1,-0.114353288821076,-0.200134669700083,0,1000,0.687,0.687,-0.114353288821076,-0.200134669700083,0,0,0,0,1.2490009027033e-16,1.38777878078145e-16,0,1.38777878078145e-16
"A3",2020,"VCF0888--VCF0890","VCF0888","VCF0890",0.152332665756861,1000,1,0.817,0.817,1,0.149479836616923,0,0.249118471877289,1000,0.817,0.817,0.149479836616923,0,0.249118471877289,0,0,0,-1.38777878078145e-16,0,-8.32667268468867e-17,1.38777878078145e-16
"A3",2024,"VCF0806--VCF0838","VCF0806","VCF0838",0.0969823508352493,1000,1,0.729,0.729,1,0.0968334890053452,0,0.177261973629263,1000,0.729,0.729,0.0968334890053452,0,0.177261973629263,0,0,0,0,0,1.38777878078145e-16,1.38777878078145e-16
"A2",2020,"VCF0888--VCF0890","VCF0888","VCF0890",0.152332665756861,1000,1,0.971,0.971,1,0.123629053590207,0,0.236832683193075,1000,0.971,0.971,0.123629053590207,0,0.236832683193075,0,0,0,-1.2490009027033e-16,0,-8.32667268468867e-17,1.2490009027033e-16
"A3",2004,"VCF0838--VCF9223","VCF0838","VCF9223",0.0742691350936274,1000,1,1,1,1,0.118263803342154,0.118263803342154,0.118263803342154,1000,1,1,0.118263803342154,0.118263803342154,0.118263803342154,0,0,0,-1.2490009027033e-16,-1.2490009027033e-16,-1.2490009027033e-16,1.2490009027033e-16
"A2",2016,"VCF0879a--VCF0890","VCF0879a","VCF0890",0.0141694491107246,1000,1,0.582,0.553,0.950171821305842,0.00876407534869233,-0.0222590719667572,0.105775692372648,1000,0.582,0.553,0.00876407534869233,-0.0222590719667572,0.105775692372648,0,0,0,-1.73472347597681e-18,1.73472347597681e-17,1.11022302462516e-16,1.11022302462516e-16
"A2",2020,"VCF0879a--VCF0890","VCF0879a","VCF0890",0.0240302065982658,1000,1,0.648,0.614,0.947530864197531,0.0189806079917856,-0.0263789699928953,0.121712496103978,1000,0.648,0.614,0.0189806079917856,-0.0263789699928953,0.121712496103978,0,0,0,-6.93889390390723e-18,-4.5102810375397e-17,1.11022302462516e-16,1.11022302462516e-16
"A2",2024,"VCF0888--VCF0890","VCF0888","VCF0890",0.202850964978324,1000,1,0.993,0.993,1,0.186559427621078,0.0662947651151611,0.303029249783245,1000,0.993,0.993,0.186559427621078,0.0662947651151611,0.303029249783245,0,0,0,8.32667268468867e-17,-2.77555756156289e-17,1.11022302462516e-16,1.11022302462516e-16
"A3",2012,"VCF0809--VCF0888","VCF0809","VCF0888",0.0462895145169454,1000,1,0.151,0.151,1,0,0,0.127620134790162,1000,0.151,0.151,0,0,0.127620134790162,0,0,0,0,0,1.11022302462516e-16,1.11022302462516e-16
"A3",2012,"VCF0888--VCF9223","VCF0888","VCF9223",-0.0713228146329072,1000,1,0.312,0.312,1,0,-0.161374266927152,0,1000,0.312,0.312,0,-0.161374266927152,0,0,0,0,0,-1.11022302462516e-16,0,1.11022302462516e-16
"A3",2012,"VCF0890--VCF9223","VCF0890","VCF9223",0.0384970135041746,1000,1,0.174,0.173,0.994252873563218,0,0,0.136482647277759,1000,0.174,0.173,0,0,0.136482647277759,0,0,0,0,0,1.11022302462516e-16,1.11022302462516e-16
"A3",2016,"VCF0839--VCF0888","VCF0839","VCF0888",0.0370470506219009,1000,1,0.098,0.096,0.979591836734694,0,0,0.123411710417531,1000,0.098,0.096,0,0,0.123411710417531,0,0,0,0,0,1.11022302462516e-16,1.11022302462516e-16
"A3",2020,"VCF0806--VCF0888","VCF0806","VCF0888",-0.142066445791472,1000,1,0.945,0.945,1,-0.141597834004,-0.229696091146377,0,1000,0.945,0.945,-0.141597834004,-0.229696091146377,0,0,0,0,-1.11022302462516e-16,1.11022302462516e-16,0,1.11022302462516e-16
"A3",2020,"VCF0879a--VCF0888","VCF0879a","VCF0888",-0.169847882148041,1000,1,0.977,0.977,1,-0.170526258913313,-0.252692522966774,-0.077568125044422,1000,0.977,0.977,-0.170526258913313,-0.252692522966774,-0.077568125044422,0,0,0,8.32667268468867e-17,-1.11022302462516e-16,4.16333634234434e-17,1.11022302462516e-16
"A3",2020,"VCF0809--VCF0890","VCF0809","VCF0890",0.0975118954026813,1000,1,0.758,0.758,1,0.0979310140358481,0,0.195658088061642,1000,0.758,0.758,0.0979310140358481,0,0.195658088061642,0,0,0,-1.38777878078145e-17,0,1.11022302462516e-16,1.11022302462516e-16
"A2",2004,"VCF0809--VCF0839","VCF0809","VCF0839",0.109000188940431,1000,1,1,1,1,0.109000188940431,0.109000188940431,0.109000188940431,1000,1,1,0.109000188940431,0.109000188940431,0.109000188940431,0,0,0,-9.71445146547012e-17,-9.71445146547012e-17,-9.71445146547012e-17,9.71445146547012e-17
"A2",2020,"VCF0809--VCF0838","VCF0809","VCF0838",0.0284272171043005,1000,1,0.718,0.707,0.984679665738162,0.025578705131721,0,0.111858027158295,1000,0.718,0.707,0.025578705131721,0,0.111858027158295,0,0,0,4.5102810375397e-17,0,-9.71445146547012e-17,9.71445146547012e-17
"A2",2012,"VCF0888--VCF9223","VCF0888","VCF9223",-0.0713228146329072,1000,1,0.904,0.904,1,-0.0565117693684444,-0.141681766452702,0,1000,0.904,0.904,-0.0565117693684444,-0.141681766452702,0,0,0,0,2.77555756156289e-17,8.32667268468867e-17,0,8.32667268468867e-17
"A2",2016,"VCF0806--VCF0879a","VCF0806","VCF0879a",0.0658181576864972,1000,1,0.936,0.936,1,0.0578214642853538,0,0.117876700119824,1000,0.936,0.936,0.0578214642853538,0,0.117876700119824,0,0,0,-1.38777878078145e-17,0,-8.32667268468867e-17,8.32667268468867e-17
"A3",2016,"VCF0806--VCF0879a","VCF0806","VCF0879a",0.0658181576864972,1000,1,0.405,0.405,1,0,0,0.120734591377671,1000,0.405,0.405,0,0,0.120734591377671,0,0,0,0,0,-8.32667268468867e-17,8.32667268468867e-17
"A3",2024,"VCF0879a--VCF0890","VCF0879a","VCF0890",0.0186928727184489,1000,1,0.131,0.126,0.961832061068702,0,0,0.120723218878912,1000,0.131,0.126,0,0,0.120723218878912,0,0,0,0,0,-8.32667268468867e-17,8.32667268468867e-17
"A2",2012,"VCF0838--VCF9223","VCF0838","VCF9223",0.11975354377938,1000,1,1,1,1,0.106456388121308,0.0346984184454001,0.176628001015939,1000,1,1,0.106456388121308,0.0346984184454001,0.176628001015939,0,0,0,2.77555756156289e-17,2.08166817117217e-17,5.55111512312578e-17,5.55111512312578e-17
"A2",2016,"VCF0838--VCF0888","VCF0838","VCF0888",-0.101292565988874,1000,1,0.983,0.983,1,-0.0922748596161141,-0.170547785267725,-0.0150442893911374,1000,0.983,0.983,-0.0922748596161141,-0.170547785267725,-0.0150442893911374,0,0,0,-1.38777878078145e-17,-5.55111512312578e-17,1.04083408558608e-17,5.55111512312578e-17
"A2",2024,"VCF0806--VCF0894","VCF0806","VCF0894",0.115925421886945,1000,1,0.995,0.995,1,0.113666247441498,0.0290740387967719,0.199965227490129,1000,0.995,0.995,0.113666247441498,0.0290740387967719,0.199965227490129,0,0,0,-5.55111512312578e-17,2.42861286636753e-17,0,5.55111512312578e-17
"A2",2024,"VCF0838--VCF0894","VCF0838","VCF0894",0.0597191234757199,1000,1,0.876,0.875,0.998858447488584,0.0586092592310149,0,0.149559044162366,1000,0.876,0.875,0.0586092592310149,0,0.149559044162366,0,0,0,2.77555756156289e-17,0,5.55111512312578e-17,5.55111512312578e-17
"A3",2004,"VCF0806--VCF0809","VCF0806","VCF0809",0.37199407703599,1000,1,1,1,1,0.394969960174472,0.394969960174472,0.394969960174472,1000,1,1,0.394969960174472,0.394969960174472,0.394969960174472,0,0,0,5.55111512312578e-17,5.55111512312578e-17,5.55111512312578e-17,5.55111512312578e-17
"A3",2016,"VCF0890--VCF9223","VCF0890","VCF9223",0.0887466384157413,1000,1,0.521,0.521,1,0.0838288877599928,0,0.167689978174536,1000,0.521,0.521,0.0838288877599928,0,0.167689978174536,0,0,0,2.77555756156289e-17,0,5.55111512312578e-17,5.55111512312578e-17
"A3",2020,"VCF0890--VCF9223","VCF0890","VCF9223",0.101132031781839,1000,1,0.681,0.681,1,0.0961055889921422,0,0.185875937993595,1000,0.681,0.681,0.0961055889921422,0,0.185875937993595,0,0,0,-2.77555756156289e-17,0,-5.55111512312578e-17,5.55111512312578e-17
"A3",2024,"VCF0809--VCF0890","VCF0809","VCF0890",0.0707344951564464,1000,1,0.6,0.6,1,0.0730155553944359,0,0.167787094223847,1000,0.6,0.6,0.0730155553944359,0,0.167787094223847,0,0,0,2.77555756156289e-17,0,5.55111512312578e-17,5.55111512312578e-17
"A2",2004,"VCF0838--VCF0890","VCF0838","VCF0890",0.0613363217966801,1000,1,1,1,1,0.0613363217966801,0.0613363217966801,0.0613363217966801,1000,1,1,0.0613363217966801,0.0613363217966801,0.0613363217966801,0,0,0,4.85722573273506e-17,4.85722573273506e-17,4.85722573273506e-17,4.85722573273506e-17
"A2",2004,"VCF0879a--VCF0890","VCF0879a","VCF0890",0.0499912636732557,1000,1,1,1,1,0.0499912636732557,0.0499912636732557,0.0499912636732557,1000,1,1,0.0499912636732557,0.0499912636732557,0.0499912636732557,0,0,0,4.85722573273506e-17,4.85722573273506e-17,4.85722573273506e-17,4.85722573273506e-17
"A2",2012,"VCF0839--VCF0879a","VCF0839","VCF0879a",0.0243666958303837,1000,1,0.584,0.584,1,0.0120041749493285,0,0.0830664068095958,1000,0.584,0.584,0.0120041749493285,0,0.0830664068095958,0,0,0,4.85722573273506e-17,0,0,4.85722573273506e-17
"A2",2012,"VCF0894--VCF9223","VCF0894","VCF9223",-0.00920298803560992,1000,1,0.223,0.115,0.515695067264574,0,-0.0645098924175341,0.0301195920179189,1000,0.223,0.115,0,-0.0645098924175341,0.0301195920179189,0,0,0,0,-2.77555756156289e-17,4.85722573273506e-17,4.85722573273506e-17
"A2",2012,"VCF0806--VCF0888","VCF0806","VCF0888",-0.023095672005309,1000,1,0.255,0.217,0.850980392156863,0,-0.0762460634046381,0.0146859077983899,1000,0.255,0.217,0,-0.0762460634046381,0.0146859077983899,0,0,0,0,-2.77555756156289e-17,-4.5102810375397e-17,4.5102810375397e-17
"A2",2004,"VCF0879a--VCF0888","VCF0879a","VCF0888",-0.0743041345843866,1000,1,1,1,1,-0.0743041345843866,-0.0743041345843866,-0.0743041345843866,1000,1,1,-0.0743041345843866,-0.0743041345843866,-0.0743041345843866,0,0,0,4.16333634234434e-17,4.16333634234434e-17,4.16333634234434e-17,4.16333634234434e-17
"A2",2004,"VCF0809--VCF0890","VCF0809","VCF0890",0.086021602736654,1000,1,1,1,1,0.086021602736654,0.086021602736654,0.086021602736654,1000,1,1,0.086021602736654,0.086021602736654,0.086021602736654,0,0,0,-4.16333634234434e-17,-4.16333634234434e-17,-4.16333634234434e-17,4.16333634234434e-17
"A2",2012,"VCF0838--VCF0879a","VCF0838","VCF0879a",0,1000,1,0.356,0.644,,0,-0.0411371369900092,0.0642512227816817,1000,0.356,0.644,0,-0.0411371369900092,0.0642512227816817,0,0,0,0,-1.38777878078145e-17,4.16333634234434e-17,4.16333634234434e-17
"A2",2016,"VCF0806--VCF9223","VCF0806","VCF9223",0.0186252735363306,1000,1,0.696,0.693,0.995689655172414,0.0192864995790924,0,0.0871613688911503,1000,0.696,0.693,0.0192864995790924,0,0.0871613688911503,0,0,0,3.46944695195361e-17,0,-4.16333634234434e-17,4.16333634234434e-17
"A2",2016,"VCF0839--VCF9223","VCF0839","VCF9223",0.018458574204645,1000,1,0.558,0.553,0.991039426523297,0.00615289250056385,0,0.0735321772882055,1000,0.558,0.553,0.00615289250056385,0,0.0735321772882055,0,0,0,-2.60208521396521e-18,0,-4.16333634234434e-17,4.16333634234434e-17
"A2",2016,"VCF0894--VCF9223","VCF0894","VCF9223",0.0127258634156021,1000,1,0.684,0.678,0.991228070175439,0.0190816047133336,0,0.0855958034552873,1000,0.684,0.678,0.0190816047133336,0,0.0855958034552873,0,0,0,-4.16333634234434e-17,0,-4.16333634234434e-17,4.16333634234434e-17
"A2",2020,"VCF0809--VCF0879a","VCF0809","VCF0879a",0.0313461409353886,1000,1,0.747,0.742,0.99330655957162,0.0275277308527445,0,0.0993417393304821,1000,0.747,0.742,0.0275277308527445,0,0.0993417393304821,0,0,0,-2.08166817117217e-17,0,-4.16333634234434e-17,4.16333634234434e-17
"A2",2020,"VCF0838--VCF0879a","VCF0838","VCF0879a",0.00382478480854227,1000,1,0.573,0.522,0.910994764397906,0.00393876162086799,-0.0458006280653457,0.0934784208215617,1000,0.573,0.522,0.00393876162086799,-0.0458006280653457,0.0934784208215617,0,0,0,-5.20417042793042e-18,2.08166817117217e-17,-4.16333634234434e-17,4.16333634234434e-17
"A2",2020,"VCF0839--VCF0879a","VCF0839","VCF0879a",0,1000,1,0.29,0.71,,0,-0.0722296393457854,0.043013218474138,1000,0.29,0.71,0,-0.0722296393457854,0.043013218474138,0,0,0,0,4.16333634234434e-17,4.16333634234434e-17,4.16333634234434e-17
"A2",2020,"VCF0894--VCF9223","VCF0894","VCF9223",0,1000,1,0.497,0.503,,0,-0.0408779755704397,0.0808744465611419,1000,0.497,0.503,0,-0.0408779755704397,0.0808744465611419,0,0,0,0,4.16333634234434e-17,0,4.16333634234434e-17
"A2",2024,"VCF0809--VCF9223","VCF0809","VCF9223",0,1000,1,0.314,0.686,,0,-0.0775807574672438,0.0423138205262761,1000,0.314,0.686,0,-0.0775807574672438,0.0423138205262761,0,0,0,0,4.16333634234434e-17,-6.93889390390723e-18,4.16333634234434e-17
"A3",2004,"VCF0879a--VCF0890","VCF0879a","VCF0890",0.0499912636732557,1000,1,1,1,1,0.0973192591527999,0.0973192591527999,0.0973192591527999,1000,1,1,0.0973192591527999,0.0973192591527999,0.0973192591527999,0,0,0,4.16333634234434e-17,4.16333634234434e-17,4.16333634234434e-17,4.16333634234434e-17
"A3",2016,"VCF0839--VCF0879a","VCF0839","VCF0879a",0,1000,1,0.038,0.962,,0,0,0.0702941886219768,1000,0.038,0.962,0,0,0.0702941886219768,0,0,0,0,0,-4.16333634234434e-17,4.16333634234434e-17
"A3",2020,"VCF0838--VCF0839","VCF0838","VCF0839",0.0258476371914002,1000,1,0.215,0.215,1,0,0,0.115291275424594,1000,0.215,0.215,0,0,0.115291275424594,0,0,0,0,0,4.16333634234434e-17,4.16333634234434e-17
"A3",2020,"VCF0838--VCF0879a","VCF0838","VCF0879a",0.00382478480854227,1000,1,0.087,0.078,0.896551724137931,0,0,0.0935378338579593,1000,0.087,0.078,0,0,0.0935378338579593,0,0,0,0,0,-4.16333634234434e-17,4.16333634234434e-17
"A3",2020,"VCF0839--VCF9223","VCF0839","VCF9223",0,1000,1,0.075,0.925,,0,0,0.0767527055576517,1000,0.075,0.925,0,0,0.0767527055576517,0,0,0,0,0,-4.16333634234434e-17,4.16333634234434e-17
"A3",2024,"VCF0806--VCF0879a","VCF0806","VCF0879a",0.00263679822443648,1000,1,0.039,0.038,0.974358974358974,0,0,0.0838420329362163,1000,0.039,0.038,0,0,0.0838420329362163,0,0,0,0,0,-4.16333634234434e-17,4.16333634234434e-17
"A2",2020,"VCF0806--VCF9223","VCF0806","VCF9223",0.0242233695850124,1000,1,0.666,0.657,0.986486486486487,0.0178660246657484,0,0.0958038432794081,1000,0.666,0.657,0.0178660246657484,0,0.0958038432794081,0,0,0,-3.81639164714898e-17,0,-1.38777878078145e-17,3.81639164714898e-17
"A2",2024,"VCF0838--VCF0879a","VCF0838","VCF0879a",0.020217806487761,1000,1,0.643,0.619,0.962674961119751,0.015483374661382,0,0.0972853756923778,1000,0.643,0.619,0.015483374661382,0,0.0972853756923778,0,0,0,3.64291929955129e-17,0,-2.77555756156289e-17,3.64291929955129e-17
"A2",2016,"VCF0809--VCF9223","VCF0809","VCF9223",0,1000,1,0.224,0.776,,0,-0.0636229706184562,0.0242791741419605,1000,0.224,0.776,0,-0.0636229706184562,0.0242791741419605,0,0,0,0,0,3.46944695195361e-17,3.46944695195361e-17
"A2",2020,"VCF0809--VCF9223","VCF0809","VCF9223",0,1000,1,0.344,0.656,,0,-0.0544108306827941,0.0560274171695266,1000,0.344,0.656,0,-0.0544108306827941,0.0560274171695266,0,0,0,0,1.38777878078145e-17,-3.46944695195361e-17,3.46944695195361e-17
"A2",2020,"VCF0839--VCF9223","VCF0839","VCF9223",0,1000,1,0.443,0.557,,0,-0.0417059981905592,0.0622204664613892,1000,0.443,0.557,0,-0.0417059981905592,0.0622204664613892,0,0,0,0,3.46944695195361e-17,-1.38777878078145e-17,3.46944695195361e-17
"A2",2012,"VCF0839--VCF0888","VCF0839","VCF0888",0.0279994439971449,1000,1,0.573,0.569,0.993019197207679,0.0113998847198669,0,0.098329360416162,1000,0.573,0.569,0.0113998847198669,0,0.098329360416162,0,0,0,-3.29597460435593e-17,0,-2.77555756156289e-17,3.29597460435593e-17
"A2",2020,"VCF0809--VCF0888","VCF0809","VCF0888",-0.0260092667248852,1000,1,0.621,0.603,0.971014492753623,-0.015231853681429,-0.109041270966804,0,1000,0.621,0.603,-0.015231853681429,-0.109041270966804,0,0,0,0,-2.94902990916057e-17,1.38777878078145e-17,0,2.94902990916057e-17
"A2",2004,"VCF0809--VCF0838","VCF0809","VCF0838",0.055711694432488,1000,1,1,1,1,0.055711694432488,0.055711694432488,0.055711694432488,1000,1,1,0.055711694432488,0.055711694432488,0.055711694432488,0,0,0,2.77555756156289e-17,2.77555756156289e-17,2.77555756156289e-17,2.77555756156289e-17
"A2",2004,"VCF0838--VCF0839","VCF0838","VCF0839",0.0766442393357764,1000,1,1,1,1,0.0766442393357764,0.0766442393357764,0.0766442393357764,1000,1,1,0.0766442393357764,0.0766442393357764,0.0766442393357764,0,0,0,-2.77555756156289e-17,-2.77555756156289e-17,-2.77555756156289e-17,2.77555756156289e-17
"A2",2004,"VCF0839--VCF9223","VCF0839","VCF9223",-0.0798569215033069,1000,1,1,1,1,-0.0798569215033069,-0.0798569215033069,-0.0798569215033069,1000,1,1,-0.0798569215033069,-0.0798569215033069,-0.0798569215033069,0,0,0,-2.77555756156289e-17,-2.77555756156289e-17,-2.77555756156289e-17,2.77555756156289e-17
"A2",2012,"VCF0809--VCF0838","VCF0809","VCF0838",0,1000,1,0.186,0.814,,0,-0.047298483976506,0.0366425163263682,1000,0.186,0.814,0,-0.047298483976506,0.0366425163263682,0,0,0,0,2.77555756156289e-17,6.93889390390723e-18,2.77555756156289e-17
"A2",2016,"VCF0839--VCF0879a","VCF0839","VCF0879a",0,1000,1,0.437,0.563,,0,0,0.0630504940940619,1000,0.437,0.563,0,0,0.0630504940940619,0,0,0,0,0,-2.77555756156289e-17,2.77555756156289e-17
"A2",2016,"VCF0809--VCF0888","VCF0809","VCF0888",0,1000,1,0.309,0.691,,0,-0.0468879602697493,0.0556864756118614,1000,0.309,0.691,0,-0.0468879602697493,0.0556864756118614,0,0,0,0,1.38777878078145e-17,2.77555756156289e-17,2.77555756156289e-17
"A2",2016,"VCF0806--VCF0890","VCF0806","VCF0890",0.0590306809790036,1000,1,0.925,0.924,0.998918918918919,0.0571675385762584,0,0.131379293743747,1000,0.925,0.924,0.0571675385762584,0,0.131379293743747,0,0,0,2.08166817117217e-17,0,2.77555756156289e-17,2.77555756156289e-17
"A2",2016,"VCF0838--VCF9223","VCF0838","VCF9223",0.143965510367613,1000,1,1,1,1,0.13937555380567,0.0641118332948084,0.201340731082381,1000,1,1,0.13937555380567,0.0641118332948084,0.201340731082381,0,0,0,-2.77555756156289e-17,-1.38777878078145e-17,-2.77555756156289e-17,2.77555756156289e-17
"A2",2020,"VCF0839--VCF0888","VCF0839","VCF0888",0.0159747561285973,1000,1,0.361,0.255,0.706371191135734,0,-0.0360663671835725,0.08178334571377,1000,0.361,0.255,0,-0.0360663671835725,0.08178334571377,0,0,0,0,2.77555756156289e-17,1.38777878078145e-17,2.77555756156289e-17
"A2",2020,"VCF0809--VCF0890","VCF0809","VCF0890",0.0975118954026813,1000,1,0.98,0.98,1,0.0970049277220509,0.00422409196146201,0.189751311517762,1000,0.98,0.98,0.0970049277220509,0.00422409196146201,0.189751311517762,0,0,0,0,8.67361737988404e-19,2.77555756156289e-17,2.77555756156289e-17
"A2",2024,"VCF0838--VCF0839","VCF0838","VCF0839",0.0952675388816836,1000,1,0.985,0.985,1,0.0932579136237376,0.0126373864851459,0.179652865189737,1000,0.985,0.985,0.0932579136237376,0.0126373864851459,0.179652865189737,0,0,0,1.38777878078145e-17,-5.20417042793042e-18,2.77555756156289e-17,2.77555756156289e-17
"A2",2024,"VCF0806--VCF0879a","VCF0806","VCF0879a",0.00263679822443648,1000,1,0.5,0.459,0.918,0,-0.0300507345419279,0.0755691078619373,1000,0.5,0.459,0,-0.0300507345419279,0.0755691078619373,0,0,0,0,2.08166817117217e-17,2.77555756156289e-17,2.77555756156289e-17
"A2",2024,"VCF0809--VCF0879a","VCF0809","VCF0879a",0,1000,1,0.355,0.645,,0,-0.0572724375349346,0.0468569197625452,1000,0.355,0.645,0,-0.0572724375349346,0.0468569197625452,0,0,0,0,6.93889390390723e-18,-2.77555756156289e-17,2.77555756156289e-17
"A2",2024,"VCF0839--VCF9223","VCF0839","VCF9223",0.00373441296582092,1000,1,0.554,0.538,0.971119133574007,0.00614060486273638,0,0.0787037920699615,1000,0.554,0.538,0.00614060486273638,0,0.0787037920699615,0,0,0,-5.20417042793042e-18,0,2.77555756156289e-17,2.77555756156289e-17
"A3",2012,"VCF0838--VCF0839","VCF0838","VCF0839",0,1000,1,0.035,0.965,,0,0,0.0843896474060196,1000,0.035,0.965,0,0,0.0843896474060196,0,0,0,0,0,2.77555756156289e-17,2.77555756156289e-17
"A3",2012,"VCF0809--VCF0879a","VCF0809","VCF0879a",-0.0194987239175984,1000,1,0.034,0.033,0.970588235294118,0,-0.092520303230035,0,1000,0.034,0.033,0,-0.092520303230035,0,0,0,0,0,-2.77555756156289e-17,0,2.77555756156289e-17
"A3",2012,"VCF0806--VCF9223","VCF0806","VCF9223",0.0150369312245018,1000,1,0.054,0.054,1,0,0,0.0919842700666122,1000,0.054,0.054,0,0,0.0919842700666122,0,0,0,0,0,-2.77555756156289e-17,2.77555756156289e-17
"A3",2016,"VCF0879a--VCF0890","VCF0879a","VCF0890",0.0141694491107246,1000,1,0.098,0.096,0.979591836734694,0,0,0.117963996443953,1000,0.098,0.096,0,0,0.117963996443953,0,0,0,0,0,2.77555756156289e-17,2.77555756156289e-17
"A3",2020,"VCF0806--VCF0879a","VCF0806","VCF0879a",0.0493009287160725,1000,1,0.427,0.427,1,0,0,0.13247260411997,1000,0.427,0.427,0,0,0.13247260411997,0,0,0,0,0,2.77555756156289e-17,2.77555756156289e-17
"A3",2020,"VCF0839--VCF0888","VCF0839","VCF0888",0.0159747561285973,1000,1,0.058,0.051,0.879310344827586,0,0,0.0959603723468585,1000,0.058,0.051,0,0,0.0959603723468585,0,0,0,0,0,-2.77555756156289e-17,2.77555756156289e-17
"A3",2020,"VCF0806--VCF0890","VCF0806","VCF0890",0.0572874494519452,1000,1,0.466,0.465,0.997854077253219,0,0,0.151589122393839,1000,0.466,0.465,0,0,0.151589122393839,0,0,0,0,0,-2.77555756156289e-17,2.77555756156289e-17
"A3",2020,"VCF0894--VCF9223","VCF0894","VCF9223",0,1000,1,0.08,0.92,,0,0,0.0826094707997732,1000,0.08,0.92,0,0,0.0826094707997732,0,0,0,0,0,2.77555756156289e-17,2.77555756156289e-17
"A2",2004,"VCF0806--VCF0888","VCF0806","VCF0888",-0.0229081218231701,1000,1,1,1,1,-0.0229081218231701,-0.0229081218231701,-0.0229081218231701,1000,1,1,-0.0229081218231701,-0.0229081218231701,-0.0229081218231701,0,0,0,-2.42861286636753e-17,-2.42861286636753e-17,-2.42861286636753e-17,2.42861286636753e-17
"A2",2004,"VCF0806--VCF0879a","VCF0806","VCF0879a",0.0181396986119873,1000,1,1,1,1,0.0181396986119873,0.0181396986119873,0.0181396986119873,1000,1,1,0.0181396986119873,0.0181396986119873,0.0181396986119873,0,0,0,-2.08166817117217e-17,-2.08166817117217e-17,-2.08166817117217e-17,2.08166817117217e-17
"A2",2016,"VCF0809--VCF0879a","VCF0809","VCF0879a",0,1000,1,0.379,0.621,,0,-0.0195365914670926,0.0552628733928891,1000,0.379,0.621,0,-0.0195365914670926,0.0552628733928891,0,0,0,0,2.08166817117217e-17,6.93889390390723e-18,2.08166817117217e-17
"A2",2024,"VCF0806--VCF0838","VCF0806","VCF0838",0.0969823508352493,1000,1,0.991,0.991,1,0.0997046218566804,0.0166594017486049,0.177699984233952,1000,0.991,0.991,0.0997046218566804,0.0166594017486049,0.177699984233952,0,0,0,1.38777878078145e-17,-2.08166817117217e-17,0,2.08166817117217e-17
"A2",2024,"VCF0839--VCF0879a","VCF0839","VCF0879a",0,1000,1,0.331,0.669,,0,-0.054088499640445,0.0506747574465316,1000,0.331,0.669,0,-0.054088499640445,0.0506747574465316,0,0,0,0,-2.08166817117217e-17,-1.38777878078145e-17,2.08166817117217e-17
"A2",2004,"VCF0809--VCF0888","VCF0809","VCF0888",-0.0294227504442804,1000,1,1,1,1,-0.0294227504442804,-0.0294227504442804,-0.0294227504442804,1000,1,1,-0.0294227504442804,-0.0294227504442804,-0.0294227504442804,0,0,0,1.73472347597681e-17,1.73472347597681e-17,1.73472347597681e-17,1.73472347597681e-17
"A2",2004,"VCF0879a--VCF0894","VCF0879a","VCF0894",0.0872300472315628,1000,1,1,1,1,0.0872300472315628,0.0872300472315628,0.0872300472315628,1000,1,1,0.0872300472315628,0.0872300472315628,0.0872300472315628,0,0,0,1.38777878078145e-17,1.38777878078145e-17,1.38777878078145e-17,1.38777878078145e-17
"A2",2012,"VCF0838--VCF0894","VCF0838","VCF0894",-0.0427267061442297,1000,1,0.311,0.284,0.913183279742765,0,-0.0982109424045211,0.00117466844728946,1000,0.311,0.284,0,-0.0982109424045211,0.00117466844728946,0,0,0,0,1.38777878078145e-17,-4.11996825544492e-18,1.38777878078145e-17
"A2",2012,"VCF0888--VCF0894","VCF0888","VCF0894",0,1000,1,0.259,0.741,,0,-0.0544966493954387,0.0540875051717367,1000,0.259,0.741,0,-0.0544966493954387,0.0540875051717367,0,0,0,0,-6.93889390390723e-18,1.38777878078145e-17,1.38777878078145e-17
"A2",2012,"VCF0806--VCF9223","VCF0806","VCF9223",0.0150369312245018,1000,1,0.59,0.584,0.989830508474576,0.0100762156901284,0,0.0780785695992302,1000,0.59,0.584,0.0100762156901284,0,0.0780785695992302,0,0,0,8.67361737988404e-18,0,-1.38777878078145e-17,1.38777878078145e-17
"A2",2012,"VCF0809--VCF9223","VCF0809","VCF9223",-0.0228829782209999,1000,1,0.286,0.258,0.902097902097902,0,-0.0700365244309101,0.00310803316450354,1000,0.286,0.258,0,-0.0700365244309101,0.00310803316450354,0,0,0,0,1.38777878078145e-17,1.73472347597681e-18,1.38777878078145e-17
"A2",2012,"VCF0890--VCF9223","VCF0890","VCF9223",0.0384970135041746,1000,1,0.484,0.481,0.993801652892562,0,0,0.0996453464627886,1000,0.484,0.481,0,0,0.0996453464627886,0,0,0,0,0,-1.38777878078145e-17,1.38777878078145e-17
"A2",2024,"VCF0809--VCF0888","VCF0809","VCF0888",-0.0352736970916302,1000,1,0.738,0.731,0.990514905149051,-0.0291253492674144,-0.117641805131759,0,1000,0.738,0.731,-0.0291253492674144,-0.117641805131759,0,0,0,0,-3.46944695195361e-18,1.38777878078145e-17,0,1.38777878078145e-17
"A2",2024,"VCF0806--VCF0890","VCF0806","VCF0890",0.0935194910662682,1000,1,0.979,0.979,1,0.0890049371107496,0.00264617645532593,0.179898650801738,1000,0.979,0.979,0.0890049371107496,0.00264617645532593,0.179898650801738,0,0,0,1.38777878078145e-17,4.77048955893622e-18,0,1.38777878078145e-17
"A3",2004,"VCF0809--VCF0839","VCF0809","VCF0839",0.109000188940431,1000,1,1,1,1,0.0930750923528048,0.0930750923528048,0.0930750923528048,1000,1,1,0.0930750923528048,0.0930750923528048,0.0930750923528048,0,0,0,1.38777878078145e-17,1.38777878078145e-17,1.38777878078145e-17,1.38777878078145e-17
"A3",2004,"VCF0809--VCF0890","VCF0809","VCF0890",0.086021602736654,1000,1,1,1,1,0.0826061557470412,0.0826061557470412,0.0826061557470412,1000,1,1,0.0826061557470412,0.0826061557470412,0.0826061557470412,0,0,0,-1.38777878078145e-17,-1.38777878078145e-17,-1.38777878078145e-17,1.38777878078145e-17
"A3",2004,"VCF0839--VCF9223","VCF0839","VCF9223",-0.0798569215033069,1000,1,1,1,1,-0.0939407670789741,-0.0939407670789741,-0.0939407670789741,1000,1,1,-0.0939407670789741,-0.0939407670789741,-0.0939407670789741,0,0,0,1.38777878078145e-17,1.38777878078145e-17,1.38777878078145e-17,1.38777878078145e-17
"A3",2016,"VCF0839--VCF9223","VCF0839","VCF9223",0.018458574204645,1000,1,0.075,0.075,1,0,0,0.0857759752522886,1000,0.075,0.075,0,0,0.0857759752522886,0,0,0,0,0,-1.38777878078145e-17,1.38777878078145e-17
"A3",2016,"VCF0894--VCF9223","VCF0894","VCF9223",0.0127258634156021,1000,1,0.092,0.09,0.978260869565217,0,0,0.0911782458258083,1000,0.092,0.09,0,0,0.0911782458258083,0,0,0,0,0,-1.38777878078145e-17,1.38777878078145e-17
"A2",2004,"VCF0809--VCF9223","VCF0809","VCF9223",-0.0428131826413368,1000,1,1,1,1,-0.0428131826413368,-0.0428131826413368,-0.0428131826413368,1000,1,1,-0.0428131826413368,-0.0428131826413368,-0.0428131826413368,0,0,0,-6.93889390390723e-18,-6.93889390390723e-18,-6.93889390390723e-18,6.93889390390723e-18
"A2",2012,"VCF0809--VCF0879a","VCF0809","VCF0879a",-0.0194987239175984,1000,1,0.216,0.192,0.888888888888889,0,-0.062453613736462,0,1000,0.216,0.192,0,-0.062453613736462,0,0,0,0,0,6.93889390390723e-18,0,6.93889390390723e-18
"A3",2020,"VCF0809--VCF9223","VCF0809","VCF9223",0,1000,1,0.038,0.962,,0,0,0.0014751149513977,1000,0.038,0.962,0,0,0.0014751149513977,0,0,0,0,0,4.33680868994202e-18,4.33680868994202e-18
"A2",2012,"VCF0839--VCF9223","VCF0839","VCF9223",0.0271344846048082,1000,1,0.583,0.582,0.998284734133791,0.01090215270754,0,0.0801691415661364,1000,0.583,0.582,0.01090215270754,0,0.0801691415661364,0,0,0,-3.46944695195361e-18,0,0,3.46944695195361e-18
"A3",2016,"VCF0809--VCF0879a","VCF0809","VCF0879a",0,1000,1,0.027,0.973,,0,0,0.00164915775311681,1000,0.027,0.973,0,0,0.00164915775311681,0,0,0,0,0,3.03576608295941e-18,3.03576608295941e-18
"A2",2004,"VCF0806--VCF0838","VCF0806","VCF0838",0,1000,1,0,1,,0,0,0,1000,0,1,0,0,0,0,0,0,0,0,0,0
"A2",2004,"VCF0809--VCF0879a","VCF0809","VCF0879a",0,1000,1,0,1,,0,0,0,1000,0,1,0,0,0,0,0,0,0,0,0,0
"A2",2004,"VCF0838--VCF0879a","VCF0838","VCF0879a",0,1000,1,0,1,,0,0,0,1000,0,1,0,0,0,0,0,0,0,0,0,0
"A2",2004,"VCF0839--VCF0879a","VCF0839","VCF0879a",0,1000,1,0,1,,0,0,0,1000,0,1,0,0,0,0,0,0,0,0,0,0
"A2",2004,"VCF0838--VCF0888","VCF0838","VCF0888",-0.0374456271586838,1000,1,1,1,1,-0.0374456271586838,-0.0374456271586838,-0.0374456271586838,1000,1,1,-0.0374456271586838,-0.0374456271586838,-0.0374456271586838,0,0,0,0,0,0,0
"A2",2004,"VCF0839--VCF0888","VCF0839","VCF0888",0,1000,1,0,1,,0,0,0,1000,0,1,0,0,0,0,0,0,0,0,0,0
"A2",2004,"VCF0806--VCF0894","VCF0806","VCF0894",0,1000,1,0,1,,0,0,0,1000,0,1,0,0,0,0,0,0,0,0,0,0
"A2",2004,"VCF0838--VCF0894","VCF0838","VCF0894",0,1000,1,0,1,,0,0,0,1000,0,1,0,0,0,0,0,0,0,0,0,0
"A2",2004,"VCF0888--VCF0894","VCF0888","VCF0894",0,1000,1,0,1,,0,0,0,1000,0,1,0,0,0,0,0,0,0,0,0,0
"A2",2004,"VCF0806--VCF9223","VCF0806","VCF9223",0,1000,1,0,1,,0,0,0,1000,0,1,0,0,0,0,0,0,0,0,0,0
"A2",2004,"VCF0838--VCF9223","VCF0838","VCF9223",0.0742691350936274,1000,1,1,1,1,0.0742691350936274,0.0742691350936274,0.0742691350936274,1000,1,1,0.0742691350936274,0.0742691350936274,0.0742691350936274,0,0,0,0,0,0,0
"A2",2004,"VCF0888--VCF9223","VCF0888","VCF9223",-0.0883941487208757,1000,1,1,1,1,-0.0883941487208757,-0.0883941487208757,-0.0883941487208757,1000,1,1,-0.0883941487208757,-0.0883941487208757,-0.0883941487208757,0,0,0,0,0,0,0
"A2",2004,"VCF0890--VCF9223","VCF0890","VCF9223",0,1000,1,0,1,,0,0,0,1000,0,1,0,0,0,0,0,0,0,0,0,0
"A2",2004,"VCF0894--VCF9223","VCF0894","VCF9223",0,1000,1,0,1,,0,0,0,1000,0,1,0,0,0,0,0,0,0,0,0,0
"A2",2012,"VCF0838--VCF0839","VCF0838","VCF0839",0,1000,1,0.335,0.665,,0,0,0.0610604440337723,1000,0.335,0.665,0,0,0.0610604440337723,0,0,0,0,0,0,0
"A2",2016,"VCF0839--VCF0888","VCF0839","VCF0888",0.0370470506219009,1000,1,0.466,0.452,0.969957081545064,0,0,0.101673626713635,1000,0.466,0.452,0,0,0.101673626713635,0,0,0,0,0,0,0
"A3",2004,"VCF0806--VCF0838","VCF0806","VCF0838",0,1000,1,0,1,,0,0,0,1000,0,1,0,0,0,0,0,0,0,0,0,0
"A3",2004,"VCF0809--VCF0838","VCF0809","VCF0838",0.055711694432488,1000,1,0,0,,0,0,0,1000,0,0,0,0,0,0,0,0,0,0,0,0
"A3",2004,"VCF0838--VCF0839","VCF0838","VCF0839",0.0766442393357764,1000,1,0,0,,0,0,0,1000,0,0,0,0,0,0,0,0,0,0,0,0
"A3",2004,"VCF0806--VCF0879a","VCF0806","VCF0879a",0.0181396986119873,1000,1,0,0,,0,0,0,1000,0,0,0,0,0,0,0,0,0,0,0,0
"A3",2004,"VCF0809--VCF0879a","VCF0809","VCF0879a",0,1000,1,0,1,,0,0,0,1000,0,1,0,0,0,0,0,0,0,0,0,0
"A3",2004,"VCF0838--VCF0879a","VCF0838","VCF0879a",0,1000,1,0,1,,0,0,0,1000,0,1,0,0,0,0,0,0,0,0,0,0
"A3",2004,"VCF0839--VCF0879a","VCF0839","VCF0879a",0,1000,1,0,1,,0,0,0,1000,0,1,0,0,0,0,0,0,0,0,0,0
"A3",2004,"VCF0806--VCF0888","VCF0806","VCF0888",-0.0229081218231701,1000,1,0,0,,0,0,0,1000,0,0,0,0,0,0,0,0,0,0,0,0
"A3",2004,"VCF0809--VCF0888","VCF0809","VCF0888",-0.0294227504442804,1000,1,0,0,,0,0,0,1000,0,0,0,0,0,0,0,0,0,0,0,0
"A3",2004,"VCF0838--VCF0888","VCF0838","VCF0888",-0.0374456271586838,1000,1,0,0,,0,0,0,1000,0,0,0,0,0,0,0,0,0,0,0,0
"A3",2004,"VCF0839--VCF0888","VCF0839","VCF0888",0,1000,1,0,1,,0,0,0,1000,0,1,0,0,0,0,0,0,0,0,0,0
"A3",2004,"VCF0838--VCF0890","VCF0838","VCF0890",0.0613363217966801,1000,1,0,0,,0,0,0,1000,0,0,0,0,0,0,0,0,0,0,0,0
"A3",2004,"VCF0806--VCF0894","VCF0806","VCF0894",0,1000,1,0,1,,0,0,0,1000,0,1,0,0,0,0,0,0,0,0,0,0
"A3",2004,"VCF0838--VCF0894","VCF0838","VCF0894",0,1000,1,0,1,,0,0,0,1000,0,1,0,0,0,0,0,0,0,0,0,0
"A3",2004,"VCF0879a--VCF0894","VCF0879a","VCF0894",0.0872300472315628,1000,1,0,0,,0,0,0,1000,0,0,0,0,0,0,0,0,0,0,0,0
"A3",2004,"VCF0888--VCF0894","VCF0888","VCF0894",0,1000,1,0,1,,0,0,0,1000,0,1,0,0,0,0,0,0,0,0,0,0
"A3",2004,"VCF0806--VCF9223","VCF0806","VCF9223",0,1000,1,0,1,,0,0,0,1000,0,1,0,0,0,0,0,0,0,0,0,0
"A3",2004,"VCF0809--VCF9223","VCF0809","VCF9223",-0.0428131826413368,1000,1,0,0,,0,0,0,1000,0,0,0,0,0,0,0,0,0,0,0,0
"A3",2004,"VCF0888--VCF9223","VCF0888","VCF9223",-0.0883941487208757,1000,1,0,0,,0,0,0,1000,0,0,0,0,0,0,0,0,0,0,0,0
"A3",2004,"VCF0890--VCF9223","VCF0890","VCF9223",0,1000,1,0,1,,0,0,0,1000,0,1,0,0,0,0,0,0,0,0,0,0
"A3",2004,"VCF0894--VCF9223","VCF0894","VCF9223",0,1000,1,0,1,,0,0,0,1000,0,1,0,0,0,0,0,0,0,0,0,0
"A3",2012,"VCF0809--VCF0838","VCF0809","VCF0838",0,1000,1,0.013,0.987,,0,0,0,1000,0.013,0.987,0,0,0,0,0,0,0,0,0,0
"A3",2012,"VCF0838--VCF0879a","VCF0838","VCF0879a",0,1000,1,0.015,0.985,,0,0,0,1000,0.015,0.985,0,0,0,0,0,0,0,0,0,0
"A3",2012,"VCF0809--VCF9223","VCF0809","VCF9223",-0.0228829782209999,1000,1,0.03,0.03,1,0,-0.0880454740757961,0,1000,0.03,0.03,0,-0.0880454740757961,0,0,0,0,0,0,0,0
"A3",2016,"VCF0809--VCF0888","VCF0809","VCF0888",0,1000,1,0.008,0.992,,0,0,0,1000,0.008,0.992,0,0,0,0,0,0,0,0,0,0
"A3",2016,"VCF0806--VCF9223","VCF0806","VCF9223",0.0186252735363306,1000,1,0.091,0.091,1,0,0,0.0940967036709914,1000,0.091,0.091,0,0,0.0940967036709914,0,0,0,0,0,0,0
"A3",2016,"VCF0809--VCF9223","VCF0809","VCF9223",0,1000,1,0.008,0.992,,0,0,0,1000,0.008,0.992,0,0,0,0,0,0,0,0,0,0
"A3",2020,"VCF0839--VCF0879a","VCF0839","VCF0879a",0,1000,1,0.043,0.957,,0,-0.0720661664725463,0,1000,0.043,0.957,0,-0.0720661664725463,0,0,0,0,0,0,0,0
"A3",2020,"VCF0806--VCF0894","VCF0806","VCF0894",0.0796373739812811,1000,1,0.731,0.731,1,0.0795187492166588,0,0.163756613831709,1000,0.731,0.731,0.0795187492166588,0,0.163756613831709,0,0,0,0,0,0,0
"A3",2024,"VCF0809--VCF0879a","VCF0809","VCF0879a",0,1000,1,0.013,0.987,,0,0,0,1000,0.013,0.987,0,0,0,0,0,0,0,0,0,0
"A3",2024,"VCF0839--VCF0879a","VCF0839","VCF0879a",0,1000,1,0.02,0.98,,0,0,0,1000,0.02,0.98,0,0,0,0,0,0,0,0,0,0
"A3",2024,"VCF0809--VCF9223","VCF0809","VCF9223",0,1000,1,0.031,0.969,,0,0,0,1000,0.031,0.969,0,0,0,0,0,0,0,0,0,0
"A3",2024,"VCF0839--VCF9223","VCF0839","VCF9223",0.00373441296582092,1000,1,0.08,0.08,1,0,0,0.0851310099165567,1000,0.08,0.08,0,0,0.0851310099165567,0,0,0,0,0,0,0
