"Path","Size_bytes","SHA256"
".gitattributes","8","705fd4d6451a31d36b3df7de96f83f30ac976c9b4a6d1e51671d8e2f33e2d0da"
".gitignore","254","3079d9d36c4f815f414b3d2c820d124d174fcf1b6a2525e6be6457e1d6749616"
"analysis/.Rprofile","130","545b925aef1fec108e9db29f860289df2703e36d4075028ae84e0a78a541eac7"
"analysis/ANES.Rproj","208","463c0fddefa46d3ba3b090b38e0e4028d3aaca9589f6cc9e291e216f9830ad20"
"analysis/checks/Changes.csv","18311","e12c32d100272a88028224a6d087736074d419352fdbb14b78b2f55fb5161ab0"
"analysis/checks/Check.R","4378","2b34711c6009722bdd56d01e87771786cfdd3d41db8831c666006e1a7f6cd2b8"
"analysis/checks/Environment.R","9355","0fb1eae842da13f68538c2e9594e48ee63dbda6ea26d5d5af4950a5389c7d798"
"analysis/checks/Environment.txt","1336","3637934602034ac0f1293dbe29a4a3ab9abcb2632159068dd58defe8b2538427"
"analysis/checks/Files.ps1","1202","d1350ce2606dbeee394f58e9c5cd8fa31abedd0de703f73a09569aa5b9635ec3"
"analysis/checks/Preflight.R","1855","d1427a86797add7f77c53336fa100bf606ccb77cc3f29b524236edd46781b999"
"analysis/config/anes_cdf_path.txt.example","63","3a28a8c5408a47a5b75e4a52363d14bee5b3ac43a04dcef02ab1cae48b9c5305"
"analysis/config/candidate_node_sets.csv","1017","4e577ffce6a1eb4a34180803d4dad05964242dac9fa64d4466f6a1e2631380b5"
"analysis/config/candidate_pool_16_codebook_evidence.csv","5309","ddb3d73f4b97475c0097aa68e5391bfea8889864e599d6f1d8857684f585c322"
"analysis/config/candidate_pool_16_secondary_source_evidence.csv","1408","5230f020d43e9066c771680c3baa04aedd863236cedeb5c641f51aba786ba722"
"analysis/config/decision_registry_path.txt","72","4342c55aaafd3e247f91ce72dcafc85a2d179b5efcae57996f14d16251689586"
"analysis/config/decision_registry_path.txt.example","72","4342c55aaafd3e247f91ce72dcafc85a2d179b5efcae57996f14d16251689586"
"analysis/config/evidence_input_spec.csv","1765","57ac088a971a5d8e0a914dca895379db2e1f6710407da6e2a0aec415c962a96a"
"analysis/config/node_selection_spec.csv","6355","a646848db4c627ca763d49f7afa290501fb6130064a2b65cef01513b182e585f"
"analysis/config/step07_pilot_authorisation_path.txt","54","cdfc216c31e140a49401643a3ff1478de1f1402db741ce6890fe2c10d4eb708f"
"analysis/config/step07_pilot_authorisation_path.txt.example","54","cdfc216c31e140a49401643a3ff1478de1f1402db741ce6890fe2c10d4eb708f"
"analysis/config/Submission","29","c83c6b4acd35b6cc9b1df2e97de9c70e178bb2608d23adf512152296c927fbb5"
"analysis/config/wave_selection_spec.csv","1650","ab2e877cbcb6f2dc5ca052787843c0eabd08d0ec583dbcb20e7bb0c8ffeda223"
"analysis/data/audit/anes_cdf_20260205_analysis_ready_pairwise_cell_audit_2004_2012_2016_2020_2024.csv","9425","2c47248bb1cf8b5a578062c98c5300c162337aa361d037cad73833ac88a008fd"
"analysis/data/audit/anes_cdf_20260205_analysis_ready_pairwise_respondent_overlap_2004_2012_2016_2020_2024.csv","146","28fc349e580a70001512ba4e9b01dfaeef2b9dd6124a268288498eab23ddd456"
"analysis/data/audit/anes_cdf_20260205_nine_node_complete_case_polychoric_diagnostics_2004_2012_2016_2020_2024.csv","989","053e173ec0a54b12bd65cf0cf4a14c35eb327f05f4969f41161ab3142f09f0e7"
"analysis/data/audit/anes_cdf_20260205_nine_node_complete_case_polychoric_diagnostics_2004_2012_2016_2020_2024.rds","3494","0ae377ec4e71f2aee5f92fa3bf2ca4637bc95bd7869b670b676b28ec56fd7425"
"analysis/data/audit/anes_cdf_20260205_sample_flow_nine_node_complete_case_2004_2012_2016_2020_2024.csv","218","e9d7d0fc812949ee071e645de5dcbba41d69ce871ed4032536a58f1d5cb7a3f6"
"analysis/data/audit/ANES_PRIMARY_ARTIFACT_REGISTRY.csv","6153","a77a164e766d0f5c05f090cd33468d4679ff0919cc64b5eef8d13fc99fef2e0f"
"analysis/data/audit/D11_PAIRWISE_20260828/D11_CONDITION_SUMMARY.csv","254","066ab8bb2f22d5a5df5131b1ea428b020713bca17322f0137bee6ac9b448c889"
"analysis/data/audit/D11_PAIRWISE_20260828/D11_CORRELATION_MATRIX_2004.csv","1513","6a79a449b794fe7e57947d6d7bd7959f94e3c916fd4b9bb0903aa70f02967429"
"analysis/data/audit/D11_PAIRWISE_20260828/D11_CORRELATION_MATRIX_2012.csv","1485","a46631f0328ae973a273ac2bfd957af13d9c73047df87e207fe2ac30e71af182"
"analysis/data/audit/D11_PAIRWISE_20260828/D11_CORRELATION_MATRIX_2016.csv","1483","d13bbf68b23d4097677a3286dcdd6d8048bfc1d70dd76c4af6dc5452a8d657cc"
"analysis/data/audit/D11_PAIRWISE_20260828/D11_CORRELATION_MATRIX_2020.csv","1483","7d598e978cf7caafde63d43006237fcb36b8276b3799956838c369e969c7b946"
"analysis/data/audit/D11_PAIRWISE_20260828/D11_CORRELATION_MATRIX_2024.csv","1487","0d7dfd9ea391fe423a11d5cf8395369d02588b760ca1bef42bd292d592985742"
"analysis/data/audit/D11_PAIRWISE_20260828/D11_CORRELATION_MATRIX_LONG.csv","15676","659bb8b537387a373d5fd34f169074b13c05a2f30480495e1c284e11d777a683"
"analysis/data/audit/D11_PAIRWISE_20260828/D11_CORRELATION_TYPES.csv","36805","6e8f5a662b32d5f85bee5ec7458ae6e1e65004f78f27aa85c2b07cce10bfaa52"
"analysis/data/audit/D11_PAIRWISE_20260828/D11_EIGENVALUES.csv","1198","d3dba988067d4b5acf32a9d5f982d0014eb5e18c3f5eac3b3f3476c0bad23960"
"analysis/data/audit/D11_PAIRWISE_20260828/D11_EXECUTION_MANIFEST_20260828.csv","5936","e7ac266f6fd3fd483020cc0a0534d8220d2ba99b2a414e8b432e19a02519971a"
"analysis/data/audit/D11_PAIRWISE_20260828/D11_MATRIX_CHECKS.csv","1817","da415921d9f970cd3d76c3b287554a917cb3a4996326517034e000e49652e5de"
"analysis/data/audit/D11_PAIRWISE_20260828/D11_NODE_FREQUENCIES.csv","10796","dd5cbcd95e347fdd64fcb70b9191d8472f6a3d6cfec3574f4332205710507556"
"analysis/data/audit/D11_PAIRWISE_20260828/D11_OUTPUT_HASH_MANIFEST.csv","4839","de8ffd4c25ba4b8fa6058270614f64028bf8f97f2253250cb0ac5b552269d57e"
"analysis/data/audit/D11_PAIRWISE_20260828/D11_PAIRWISE_CELL_COUNTS.csv","205791","9459f869eefabe87fabfede5c1b7c85bd1625f89b60faf9bc426cfdb55cdcf10"
"analysis/data/audit/D11_PAIRWISE_20260828/D11_PAIRWISE_CELL_SUMMARY.csv","17737","4521578957870c68078b3538091166bc5f8f8a131a8d518a96951702381f8745"
"analysis/data/audit/D11_PAIRWISE_20260828/D11_PAIRWISE_N_MATRIX_2004.csv","546","17a6a70f6e888a23fc46e79cec858612c80d46f5e78168da4bf254039c00e883"
"analysis/data/audit/D11_PAIRWISE_20260828/D11_PAIRWISE_N_MATRIX_2012.csv","566","2dc9de34a9ade17e219a6831064582e02bb6210875b0d46ff373a9e83f75c588"
"analysis/data/audit/D11_PAIRWISE_20260828/D11_PAIRWISE_N_MATRIX_2016.csv","566","5cb463d19f7b364401fdfb83c158a6c048b1dcca9b1181d8c7db3eaf8590d69b"
"analysis/data/audit/D11_PAIRWISE_20260828/D11_PAIRWISE_N_MATRIX_2020.csv","566","95145236e312928cda40bc1344a4e942b510feed269e65a12ea3e83ca81d35d0"
"analysis/data/audit/D11_PAIRWISE_20260828/D11_PAIRWISE_N_MATRIX_2024.csv","566","bbdea9bbb004a23f0a1793f1e8ae1a99cba0e4aadd7c7639c26f1f5347b26e87"
"analysis/data/audit/D11_PAIRWISE_20260828/D11_PAIRWISE_N_MATRIX_LONG.csv","11034","49e8df27a6f3e05710f3512ab95a22cc0d6a6f2829cc0a2ad97f3677ea281820"
"analysis/data/audit/D11_PAIRWISE_20260828/D11_PAIRWISE_N_SUMMARY.csv","599","456a5648c2b7c2eac6de1d8aefbbb63b5a2b3882f41ef33e093d16e7640520d1"
"analysis/data/audit/D11_PAIRWISE_20260828/D11_PAIRWISE_N_UNIQUE.csv","5425","07377e65651d0f93eab0426f0f13b5ff8db42d2e3407848ab25b65206fe1122a"
"analysis/data/audit/D11_PAIRWISE_20260828/D11_PRE_ESTIMATION_STATUS.csv","1465","8b2f29291e4b4a0427935133cda7d2f0ee80373db270cec918120f19ae1eb2ab"
"analysis/data/audit/D11_PAIRWISE_20260828/D11_RUN_CONFIG.csv","1310","ca08f7f41a172d650e0d237eb6e33365bbb6beef3faae712c7501dd7de7c3aba"
"analysis/data/audit/D11_PAIRWISE_20260828/D11_sessionInfo.txt","1977","e60dd0e10999ef0bb3da5e6730fd4c610951300e5994a9e658036b59a8237e19"
"analysis/data/audit/D11_PAIRWISE_20260828/D11_UNIT_TEST_RESULTS.csv","2265","1f889ee930b40748eded099394f1c556e806fca97c8eab3e24e5520f7d16a001"
"analysis/data/audit/D11_PAIRWISE_20260828/D11_warnings.csv","716","002df2f8c9a050621ced5cc6629048546e1bbd02540e04d19e63becd9d4d5bfe"
"analysis/data/audit/D11_PAIRWISE_20260828/README.md","605","5e8e5ca6259092414954f2ff06e856e66e96316a4f132661d24c2da7451e20aa"
"analysis/data/audit/node_wave_selection_inputs/2008_2012_polychoric_feasibility_summary.csv","1386","11393dd0da0cd48fff07d408e41d20158566733e45835bcc7ef966683dfc414f"
"analysis/data/audit/node_wave_selection_inputs/2008_2012_polychoric_pairwise_cell_diagnostic.csv","12010","f9d7439c0485dbc84db8c550b742b93eb7f0fa7b707271629b81ed68e249da92"
"analysis/data/audit/node_wave_selection_inputs/2008_complete_case_diagnostic.csv","2221","e26632666dd8bbefdca412af947eac87118b682ea69bd1b106dcb3ab9850a11f"
"analysis/data/audit/node_wave_selection_inputs/2008_split_form_patterns.csv","2256","2c358f303b9c65b2472de56f2192f72b275b24bdfa417a7b287c9c50e444681a"
"analysis/data/audit/node_wave_selection_inputs/ANES_SOURCE_MAPPING_EVIDENCE_G02B.csv","2520","7487cc52836cffc9d1a0c3dda7aa69e0c6cda3e1598b26d2b1e5e42c28533d45"
"analysis/data/audit/node_wave_selection_inputs/anes_year_item_comparability.csv","4816677","00a81a500ebb70f5ba072ff655d1a76bdacf77e1db786bf445a2def495482112"
"analysis/data/audit/node_wave_selection_inputs/ANES2024_SOURCE_MAPPING_G02B.csv","286","726462e630b838af1ff4c112c68931910fa4c55e4323b5bbe5dc89f9f9344002"
"analysis/data/audit/node_wave_selection_inputs/FINAL_ALL_WAVE_MEASUREMENT_G02B.csv","94928","6228ebc59bfb7b95b7f44b0ecc51f3a6ddca3b252bc491c3d909949bb9d5ba35"
"analysis/notebooks/00_environment.html","627768","ea8809a65ebf14c6db8fac32e1a3693216a44a977eeeadb1ade5be8352e11c54"
"analysis/notebooks/00_environment.Rmd","1991","6e4b39f794688a2b7e88986e014b0ada1c07af1f79a7366117a9062193ed7874"
"analysis/notebooks/01_data_inventory.html","651260","2a93aa428dcef9bd4f8738c5fe9da726b4687a2f3103fa94bce56254f1716b20"
"analysis/notebooks/01_data_inventory.Rmd","8355","2f7b5bd651d5684213153f69f99844a232f872f6842bc2452802d9f96870b35d"
"analysis/notebooks/01A_node_and_wave_selection_audit.Rmd","7309","b11981d50e0669912f824527c6dc2cb95568b1191445c20b6719681327513f90"
"analysis/notebooks/01B_candidate_pool_16_audit.html","953550","e3442f86238537542f2350f352b5d0eccd6bdd570e1af27b296a0812012fa61a"
"analysis/notebooks/01B_candidate_pool_16_audit.Rmd","10204","6ed499a0e727818d54fa055517ed25708105559d7877cfa4682cfacf2f4aa475"
"analysis/notebooks/02_data_extraction.html","632118","f2b6e4efb9862f6925abc56c5801edf6f0859a4a3f216aaaf7737803ad4592f2"
"analysis/notebooks/02_data_extraction.Rmd","5104","43693be6a55e65ec59676460c534383204df1b1882e0a2f9770b08835c2f9c4b"
"analysis/notebooks/03_data_cleaning.html","668922","813678978e6682c375f81723617ba2d3beca26f73bfa0485c44abf0b1bf6a864"
"analysis/notebooks/03_data_cleaning.Rmd","17498","5acf96d6322f813052e1d831f4f2172daa3d9dc2837d62eeabe3c571be1d44a6"
"analysis/notebooks/04_analysis_ready_data.html","644207","a3ce12be6964e6f932d28ccc8ff989752dc40692706ffb815b7d6b387a099bb9"
"analysis/notebooks/04_analysis_ready_data.Rmd","10537","6b87a5bd24935a2684c30d50117c9420c2a78ba71ea12fe3b40d273cab07518c"
"analysis/notebooks/05_preliminary_data_suitability_audit.html","650163","b42a9c575cf8e4154a1fe9ee70748d3bb6021b9c82e2e55f62eb489f81b32dd4"
"analysis/notebooks/05_preliminary_data_suitability_audit.Rmd","12769","1a9d8fa094740cef8e447bb005a01e48a31ddeb4f9f6ee820e27d4688e303994"
"analysis/notebooks/06 Polychoric Input Diagnostics.Rmd","27302","1fde43a17f0041816e1daaae353c696c66ce74ef72331391cf1b91752d060815"
"analysis/notebooks/06-Polychoric-Input-Diagnostics.html","672304","f1c93212037bcb717ed3dcfc29484bab5155b5b7575d5e51ed3857afad205827"
"analysis/notebooks/06B_D15_survey_weight_pilot.html","1124843","3dfc078fb28a9f2867a50aca60e82e52452bbccc786bb3bfa2fb7909c21901d2"
"analysis/notebooks/06B_D15_survey_weight_pilot.Rmd","161352","076e7021741cb49c21dce774fa693f91ccc906dd87fdfd823f0171a43dfcdc80"
"analysis/notebooks/07_primary_network_estimation_and_stability.html","762485","837d3deeea141a1a9caa43844431a122286b387e3e4117ec439a131a7cf8d1ca"
"analysis/notebooks/07_primary_network_estimation_and_stability.Rmd","86235","d50ede008ec503c56c3e72ff2962a2dcd8d03ff7458dfe1c19fca9613c015772"
"analysis/notebooks/07A Edge-Weight Accuracy Review.Rmd","20516","b0b79f800e71b4fde88d65b3fea3d6968e4fb0dbcc2bf4f3ffbf18a3c64f2bee"
"analysis/notebooks/07A-Edge-Weight-Accuracy-Review.html","974710","084d3676ac3ecbec5a006b04085976f8434b2a63fe8a6ce11aa7ba39757825da"
"analysis/notebooks/07B_centrality_stability.html","686905","3eea4027209c4f96851ceb9de090517a07c1286ee4c4caeed90d46ea9b38116d"
"analysis/notebooks/07B_centrality_stability.Rmd","37845","ebc67fa55da00eba4c1bb7f85dd3c449b5fbe4f8e33ed877767dc8fa376619bf"
"analysis/notebooks/08_network_comparisons.html","726238","785dcf563f7b0c077f0b0bfd09ba97eedafe0dec7b18f6aae12c67fa3188a2b2"
"analysis/notebooks/08_network_comparisons.Rmd","59781","3bf8b036f4046346f0cef99d07f12311aedf76c33d6cc6181a32352ecbbf428a"
"analysis/notebooks/08A_education_polychoric_input_diagnostics.html","734755","86000b49f89204b146a93e6e9af2bf870a5a062720d47f9606a25f692b1a2848"
"analysis/notebooks/08A_education_polychoric_input_diagnostics.Rmd","45710","8b73119e3f7cbf5968e56b4eadd1be2b185640d0a86747691dcc017ec9319255"
"analysis/notebooks/08B_education_network_estimation_and_edge_accuracy.html","796106","b57872fb8708c5ea029ba4fbf4a315b4d88c858881093d8bad342bf1b495aef3"
"analysis/notebooks/08B_education_network_estimation_and_edge_accuracy.Rmd","50726","467cbc8b539ee551ea35f752b7faaa98062fa14cd481d56e092f40386ff1bb03"
"analysis/notebooks/08C_education_result_readiness.html","3023106","1d81b944a7f858211c747e3a1bc3643df3ee624c43027a2ae61d793b8d968f56"
"analysis/notebooks/08C_education_result_readiness.Rmd","47124","4a0085981d78f25f829c0ca44ef0fef5f846f2178eaad7efa7385964528d9cc9"
"analysis/notebooks/09_sensitivity_analyses.html","721374","8f304730ba9e48d3c4b0a64ded9385a54f4b232ef37fa6446e682a3f127caa4a"
"analysis/notebooks/09_sensitivity_analyses.Rmd","6544","412cc0ef08da5461e567e1f1cb5805868a7367deeefc037824dea9a727c517de"
"analysis/notebooks/09B_specificity_and_sample_size_sensitivity.html","675343","c88802c5467ce2ce5a5cab180d8e6946a20104706fc1138d892708c132790fc9"
"analysis/notebooks/09B_specificity_and_sample_size_sensitivity.Rmd","5913","c0f1a7ec78388d3b74366bda4383dcb426f5dc8bf43983db2d7a43f9464bb3f8"
"analysis/notebooks/10_results_and_reproducibility.html","1041959","45a3b833fb02fd519fcbe7351615116a6fcff856fb3e112da64b2bcb5bc547b3"
"analysis/notebooks/10_results_and_reproducibility.Rmd","12016","f3ac0343b9ef1fc33e63269264406ac832de27d60de6eddd665ff643f7ffd0e4"
"analysis/outputs/figures/final/10_07A_edge_accuracy_2004.png","46858","dc858b062e7a3b825c89ef4fc90098b3b068526b8f96a2ae27316f9a3a761c9c"
"analysis/outputs/figures/final/10_07A_edge_accuracy_2012.png","46829","d1d200c34d1a15e58d9a5f34f77195fb9716490abd2442f21df5e3c042421567"
"analysis/outputs/figures/final/10_07A_edge_accuracy_2016.png","47517","59aa831e777598e686f4e5b275ab97412d435547330ecfc8cb04108202ada80b"
"analysis/outputs/figures/final/10_07A_edge_accuracy_2020.png","46626","53b0649880e8ddc853ac649faf7d7ee86e55af5f3ef853806b686366a0de3106"
"analysis/outputs/figures/final/10_07A_edge_accuracy_2024.png","47382","dfa9b2dbd5c4b0e0df563faaf5b6112e0feafcef8c4dd1168f978f6e5d052b9d"
"analysis/outputs/figures/final/10_08_expected_influence_over_time.png","60360","dfd749c4c42d7212e2ab21c1f3af0e7cac1e3ee15fff0055715202b3370d7bc6"
"analysis/outputs/figures/final/10_08_overall_networks_five_wave_panel.png","129003","07dad3b5abbb338afb5a9687fc0167d1645d349cb49032e10cf27891fae7621a"
"analysis/outputs/figures/final/10_08_strength_over_time.png","70374","fd0c89da00123565d7032d5e69f7955c18507df5591f85d655d28a418a79bbfa"
"analysis/outputs/figures/final/10_08C_education_edge_accuracy_2012__college_or_advanced.png","103316","9baa6f074d979ef8fcc7a7c4bf08b6de3dcb9abd9729990a16c5f67d79e8b2bd"
"analysis/outputs/figures/final/10_08C_education_edge_accuracy_2012__no_college_degree.png","102254","e9ba08619276f06ffb4b9ee6b5bd5099338066a236e77eb385346ad4663192f6"
"analysis/outputs/figures/final/10_08C_education_edge_accuracy_2016__college_or_advanced.png","103581","6a5e1629830487d6f9771d17b9d703817718763c3d59a0e45920d5ec217f0723"
"analysis/outputs/figures/final/10_08C_education_edge_accuracy_2016__no_college_degree.png","102572","5070c91ff9813dc17d7a237be0ab03cf175ca355de3e624060c664abedcae5cb"
"analysis/outputs/figures/final/10_08C_education_edge_accuracy_2020__college_or_advanced.png","103033","cb598c342b09935d4056e39bdb168fb09c17cb90aec24e5cb5bc97f0a6ea7ea6"
"analysis/outputs/figures/final/10_08C_education_edge_accuracy_2020__no_college_degree.png","102080","ed131c196994defb0ba9ed28e3f5ff888986a7a7d3ca94e2cb951ac69875c4d4"
"analysis/outputs/figures/final/10_08C_education_edge_accuracy_2024__college_or_advanced.png","103281","bcb12e9e6022d3be578f928f03328fbcefe5e30a7cf4a4bb5e205ed819131e26"
"analysis/outputs/figures/final/10_08C_education_edge_accuracy_2024__no_college_degree.png","102147","1c60ddcfa23c03a26681eb63e3beb30724e88ece78af5be30b1ef00db7444cf9"
"analysis/outputs/figures/final/10_08C_education_network_2012__college_or_advanced.png","111701","e79f5a33044d71177d58bf3347e97aa5d40ab7cae5d034703a3e449c7e3bd54f"
"analysis/outputs/figures/final/10_08C_education_network_2012__no_college_degree.png","109087","67321c31781cfae721f7cfdf3f8f07b5f91b4bb38224896f587f502984734289"
"analysis/outputs/figures/final/10_08C_education_network_2016__college_or_advanced.png","108985","db308795d06ce116cced49645bf250ed4e7d964aa72f8712e07918ca8305caac"
"analysis/outputs/figures/final/10_08C_education_network_2016__no_college_degree.png","109496","e8b264ffe1d1d7fe05532c96de08cf140a71370bbacb26fa462625b6a1268eec"
"analysis/outputs/figures/final/10_08C_education_network_2020__college_or_advanced.png","116691","6838c017cdc8fa69347f18620f2a0d6e782f8fbe53417be1db187df7abb770d0"
"analysis/outputs/figures/final/10_08C_education_network_2020__no_college_degree.png","106568","161a8fcba1c7183a41d47c471712d9780e82800c0bbaef4a636370553392c795"
"analysis/outputs/figures/final/10_08C_education_network_2024__college_or_advanced.png","114632","040d0716d91e4ce48bd83be0ffdd5193b271c84a0b546e9841803c8156835f7c"
"analysis/outputs/figures/final/10_08C_education_network_2024__no_college_degree.png","114070","b8225f36900876f7e596a1960da503952a5589573122757d8bac60a836d56f9b"
"analysis/outputs/figures/formal/07B_centrality_stability_2004.png","66547","d9bd090597c8bcabc0568d8fdf09bbc7fb054478a8a84c40023c2ad98b5756db"
"analysis/outputs/figures/formal/07B_centrality_stability_2012.png","61411","342850ecf2153ca7bd51a2772b1072612d4a46eb28ebd8dc2441727d336aac3d"
"analysis/outputs/figures/formal/07B_centrality_stability_2016.png","59965","230073380741893bdab6f5bd5df165bb9ba3ba4b2139b85592e4012fa053774f"
"analysis/outputs/figures/formal/07B_centrality_stability_2020.png","60888","dc79465d35111fea6b84e08ae97e58b321e57293ab440ccdb24cfa5cd3a3f08c"
"analysis/outputs/figures/formal/07B_centrality_stability_2024.png","59432","6e73ae4efd4818ce65724bbaf2fdbc563ebb61f9352706e1cd53a731e8730fa5"
"analysis/outputs/logs/00_06_REPRODUCTION_CHECK.md","5533","a396425e1b71bc8e8db3f6922503f86e2d2317e886d3a18e0eed11274877956e"
"analysis/outputs/logs/00_06_REPRODUCTION_COMPARISON.csv","4258","f59b4658ffc690c176552faf5c507c281fb8370f65064c04db101e0ebcd4ab40"
"analysis/outputs/logs/01B_candidate_pool_16_delivery_manifest.csv","3638","eb3e24d0a8eb839a1bcf3ed90bc9ffd4ca6962c4607ca40650c9f03718fc56cb"
"analysis/outputs/logs/06B_D15_stage3b_five_wave_sessionInfo.txt","3662","63b9fda39f61cd65afea744b86c744db79c3aa576c6723b91b2fc65b07b13053"
"analysis/outputs/logs/10_renv_status.txt","83","2502264d089ad7a126ed8594eaaf3fe950688bbf59515e3da0c368bcf9f406e6"
"analysis/outputs/logs/10_sessionInfo.txt","3190","77524c91882976823c477d69dd1399f5cc45196f8efd559872f45ae2dc2269ca"
"analysis/outputs/models/formal/08_common_layout.rds","273","3599bf97fa50902d2108aa8804ef2bc7874dd5422ae71a391ec847fb8f9bb2e2"
"analysis/outputs/models/formal/08A_education_polychoric_input_diagnostics.rds","11445","a7b18ce2872e35d181c6736908f0cf785ebf39c283d79fdaff87a8e733479bcc"
"analysis/outputs/models/pilot/d15_stage2b_2004_weighted_polychoric_matrices.rds","1731","b167904f0cee2e7fdb0cc7c441ffbcb5487708da441166aa3fa9308f08b171e9"
"analysis/outputs/models/pilot/d15_stage2c_five_wave_weighted_polychoric_matrices.rds","7724","8d8aba50b214dd7762779fe8133c445f8668a2ecb65792cb91b23f86af7faa84"
"analysis/outputs/models/pilot/d15_stage3a_2004_point_networks.rds","4020","e357505b1643af586a667a98b2d5a271fc8a107e8fc9ea6418666414ab71be71"
"analysis/outputs/models/pilot/d15_stage3b_five_wave_point_networks.rds","15133","20131f38d3f2b11ae5473794bfdd77cd8e4aa0355f080b56b5ee56481a49d604"
"analysis/outputs/models/pilot/d15_stage3c_2020_wpost_lambda_paths.rds","224025","b915c4f0064f199b3107daee7955b7cd4731314977e980c42cbf45ea016811e4"
"analysis/outputs/models/pilot/d15_stage3d_kish_ess_point_networks.rds","9644","f1e8a0354c4fe00d677a028af5f3bd7d5fc84fd8ea1bf0e661f8e647311f43b5"
"analysis/outputs/models/sensitivity/09_d19_all_internet_networks.rds","4870","3c43ffc07e92b27c584efea978ec9e3e8ac196ab67d69772d5c47e83143e922e"
"analysis/outputs/models/sensitivity/09_d20a_gamma025_networks.rds","2985","a6a07cd75ba0a6c755a96d168b3e447804f84411c98f72e4594ca889573d1563"
"analysis/outputs/models/sensitivity/09_d20a_no_vcf0839_networks.rds","3390","132bafdf1dcbe14e3cea02b95129ba045ffc8b7afef5c54f6fbc09f25cf7d5dc"
"analysis/outputs/models/sensitivity/09B_equalN_results.rds","1628441","629b91e6276aaab7971ad8466e7c9ea2ec7fa28660d6785b76b784a42e97ce7d"
"analysis/outputs/models/sensitivity/09B_fullN_threshold_models.rds","360635","4888864412c537b2a6ecc87ce0a785865fda056e58f1b078d6ced96a66c97518"
"analysis/outputs/tables/final/10_completion_status.csv","833","14641220ba1e21116ff68976ed1f74fe88a1c58c07dd7472e73d5081bc590a7e"
"analysis/outputs/tables/final/10_education_summary.csv","3109","c409ba942bc99a3dbd7a2026b59dbb01ee59448f66e6b711e9b386d77eac352c"
"analysis/outputs/tables/final/10_figure_manifest.csv","12127","8f1758aa20b41b32b80e8045e6d7e9a2862e2f8404972565db9673145e61e8c0"
"analysis/outputs/tables/final/10_final_artifact_manifest.csv","13654","fafa4fec8e2a1db1d40010bfcb5d65516f802c0f88a61d426261a5894700224f"
"analysis/outputs/tables/final/10_finalization_validation.csv","536","07a84748a9e1dc28e45bdf633aefaa9ec7b47b653be554b9493ca1f450cf9116"
"analysis/outputs/tables/final/10_independent_audit_validation.csv","2346","4d5951e16ef19c667179ee5c5e07b673f237cef4af18b51cd9c9f808d39dd8b3"
"analysis/outputs/tables/final/10_independent_recalculation.csv","2440","fa2d961d2e0d28a7ef4efd80b7cb222fdc02bb5a3abd3cd8ce0836898c482c3b"
"analysis/outputs/tables/final/10_input_inventory.csv","5844","6e71d5cbf5415debd5d2f38b4be5384a86e1f223e1d39c4a13f550bef94d1cc0"
"analysis/outputs/tables/final/10_method_citation_register.csv","4059","62100b3346812b82a465cce6df22a7845d3d18d05501cdc5eea821881ea9f4c0"
"analysis/outputs/tables/final/10_output_hash_inventory.csv","8980","8caceb82d2dc92587d59815bda69e8a06a19460463e25c69f65b2c662cf52cde"
"analysis/outputs/tables/final/10_package_manifest.csv","733","168ac59ea417513766dce19afe7abdf5001039ba01a87ffeb5271868675f1e26"
"analysis/outputs/tables/final/10_reproducibility_manifest.csv","2171","fc43d77b651193c002230bdabd92ff947605e6c3240d73cb38bf9c1bb66e105d"
"analysis/outputs/tables/final/10_result_claim_registry.csv","16237","3657be65215f3b09ff27f22ba17601761251effcf906aff8ca455b5b98bb2a9a"
"analysis/outputs/tables/final/10_results_readiness.csv","2105","e6764270c8d440db5a1446a5fe7cc3314cb59de8d42ea45a8444a474c1de753f"
"analysis/outputs/tables/final/10_sample_primary_summary.csv","2972","eb5786cffa423e7972377d98c4b4ab226737d8e48052616113e42adc42ceaea1"
"analysis/outputs/tables/final/10_sensitivity_summary.csv","2747","1d0bf9d664ebcbdb264c21f276f3b702a62a63c4ebdc2b54af1efc4ca982ffcf"
"analysis/outputs/tables/final/10_stage_completion_gate.csv","1412","e3fa09d4b257dc28cec38138c8e6215ff7854c95d486707238274e7376922966"
"analysis/outputs/tables/final/10_table_manifest.csv","905","9e13856338bf31ecdc3369b43ff280683005556e6f8bfc8d6921ecf25497a607"
"analysis/outputs/tables/final/10_validation.csv","1685","dfc26c9729e64fd742b94ce2bb88153bce389c9d7ca99cddedc13805715f8c87"
"analysis/outputs/tables/final/clean_environment_module_validation.csv","2811","7736780f58433234fe03e5be1899a50a4f2efc28c64fe59e1dcb624879ce485a"
"analysis/outputs/tables/final/renv_submission_sync_validation.csv","554","775699f07fb901f701bb38ef1cfb823e6110a01623eaba2a8e1a6c5d97f7f978"
"analysis/outputs/tables/formal/07_formal_five_wave_edge_weights.csv","8637","7478595c145c842235e6b6f2d595c0692b927a2dd577ca1eee0b7ff9f748ad65"
"analysis/outputs/tables/formal/07_formal_step07_completion_status.csv","484","dac6126417d8d75eaf55f0ab01f04962cb28d5fcaf3ce5fea614b4f9c4ed46a8"
"analysis/outputs/tables/formal/07A_edge_accuracy_by_wave.csv","721","7c34f35929aa2ef5066271aa045213fe3c5f586f58352b0be5ddaa1c1ba81f00"
"analysis/outputs/tables/formal/07A_edge_accuracy_validation.csv","929","8ffcee1c4f1491c9458c858eed97a7a0123d32d32d2c5fac5e0f399bd6c42b52"
"analysis/outputs/tables/formal/07B_completion_status.csv","608","28e5adc5d21fe66367610970e463731ebc0aefc2e6665c63b770a745552b3513"
"analysis/outputs/tables/formal/07B_CS_coefficients.csv","941","640d9156e255c673ed5e533693de5c4b2daf792c83bf257bc23a46d88f459503"
"analysis/outputs/tables/formal/08_common_layout_coordinates.csv","388","4d2c3dda6bb81276ae826946b27d625506efed9b87ef3d063f8a3f2ea6ff30ae"
"analysis/outputs/tables/formal/08_education_sample_flow.csv","243","ed688426af0c41e3b44ca7b2d459aa3c9bb7853c82609ad68a0358af6f850ec3"
"analysis/outputs/tables/formal/08_overall_centrality_stability.csv","1647","8e9b21cb154c4f062c99a88424ac319197f131b4aba2accb047a81f52ade6c75"
"analysis/outputs/tables/formal/08_overall_edges_with_accuracy.csv","56013","44c22399dc4845d9503fa50e8c464596a5604b04ac73ab1e45ee9c034507ad3c"
"analysis/outputs/tables/formal/08_overall_expected_influence.csv","8309","2f2b42cae57abd816a01b041fd7c73810a8d6d134a6c2c455b4a00f8dacb3062"
"analysis/outputs/tables/formal/08_overall_strength.csv","8290","c150a769e1013faf27da0b850509e751111139f786dec433452d8018a7f4480b"
"analysis/outputs/tables/formal/08_overall_wave_summary.csv","2240","995f96ebafb0412ec62cb532eec2f50b0ebe84d02d8e6d24caadcb197b8ee780"
"analysis/outputs/tables/formal/08_stage1_12_completion_status.csv","1255","eccc9bf8632841fccb51c49dfa551654033fb12b39555e2e2e154711be02e566"
"analysis/outputs/tables/formal/08A_pairwise_cell_summary.csv","1194","80db8bf3fdee3a118ad015c471410e1f44bebfade9f718ff65d1edd05736cae5"
"analysis/outputs/tables/formal/08A_polychoric_matrix_diagnostics.csv","2547","3f875591d3a7ff093a4a922ef69a805aa0b65081df463301cea90687e858a7d4"
"analysis/outputs/tables/formal/08B_education_completion_status.csv","848","6a52971c7504a1af043d1d84074215bdaea981cfdad91f1a544e13fd339cd2be"
"analysis/outputs/tables/formal/08B_education_edge_weights.csv","30037","094d1f9916196a898bb5322e68dd44ff7558513a9eb8a8016fea49535afd1bb7"
"analysis/outputs/tables/formal/08B_education_point_network_diagnostics.csv","5544","396df68a713a7cf70d09a13a1420782feeaf9c8d85e0c192516a95c67aac9386"
"analysis/outputs/tables/formal/08C_education_edge_accuracy_review.csv","193262","d13a9e470fef231f6b0cc6dfd5309e57fc57eb8f78d9c68d688bc3660b6f08cc"
"analysis/outputs/tables/formal/08C_education_figure_manifest.csv","5235","8f477e0d1191a7fea31713c3d0c84ad1c8ea0d115378e81737fae5fccca6613d"
"analysis/outputs/tables/formal/08C_education_result_readiness.csv","6074","afddade3877b8f34eaf5a54208a62831e1b926122b87046b4541edf1296e1e5d"
"analysis/outputs/tables/formal/08C_final_validation.csv","570","4be3c8e7770d536becf0de422e4f7b8badf736ee990d8313854f59103e39ba95"
"analysis/outputs/tables/pilot/d15_stage3b_five_wave_conditions.csv","4751","38a3c5e9df4fc3bb33814092de04b48455f089ffec4f81ae2d7538dc9cea910a"
"analysis/outputs/tables/pilot/d15_stage3b_five_wave_point_network_comparison.csv","3680","213d952a94e2122d36106cc8cecf78fdff8f64a3ef9d8efab1568577e1c92ffb"
"analysis/outputs/tables/pilot/d15_stage3b_five_wave_point_network_diagnostics.csv","4377","604808aab258cb47eac4686b51298bdef3113cb5152afe9c354876b0ba84b358"
"analysis/outputs/tables/pilot/d15_stage3b_five_wave_validation.csv","748","cd06818388441da7945d7f2db904b7a4ad03810bf38d8558aa55283694a8a598"
"analysis/outputs/tables/pilot/d15_weight_distribution_audit.csv","3418","73d2a01dc41367f69b130452fc91fdae5022816207900981d1107285f99344be"
"analysis/outputs/tables/pilot/d15_weight_source_audit.csv","3995","4c3784195db308840c218b14fe842f8cf4afb1604ee3694dbf73593638099c62"
"analysis/outputs/tables/sensitivity/09_claim_robustness_audit.csv","195419","5aea1671d9d08754337d0ca8cc84e9b586969cafefd93fc14cfd97870643fd86"
"analysis/outputs/tables/sensitivity/09_completion_status.csv","295","9be9d0d522081e9024695970c3b02a720498cdfc90e4dea6f25e0b8accd9cacc"
"analysis/outputs/tables/sensitivity/09_d11_archive_hash_gate.csv","4146","adb93259211b70fc28e357e5d8899eb675b49148e3039c17eee0cbb257f5afbc"
"analysis/outputs/tables/sensitivity/09_d11_edge_comparison_long.csv","40952","290dd2a003dbe5965388d3f340b0329e93aa035c19e90cffccd47263fd150b78"
"analysis/outputs/tables/sensitivity/09_d11_primary_comparison.csv","1590","bf7652df4217ff47c7176807e64b28ba96df95f0a321627091131da30709fa5c"
"analysis/outputs/tables/sensitivity/09_d11_validation.csv","1374","a09defc72fb855d238c1f2fe38f2bd8f47a3661c6ee8f31d4d95a8d56cd82f6b"
"analysis/outputs/tables/sensitivity/09_d15_edge_comparison_long.csv","82755","a960d5f97fdd1728c0e08745ec1649a2b769a883e008b5dfc09c07020e717a40"
"analysis/outputs/tables/sensitivity/09_d15_reuse_validation.csv","399","6057a9a8a29ea5a64945c6801f90d79c9c243b92aa2913c685dbf9f8a90bd3c2"
"analysis/outputs/tables/sensitivity/09_d15_source_graph_gate.csv","864","11683cee9ed3583d733dffcb1c4afb87604b41ac6a081b4e9f1b54ce4c039190"
"analysis/outputs/tables/sensitivity/09_d15_weighted_network_summary.csv","2787","e70721351781ecf058f8f6b3b8e722b5df4bc571bd10df802d3db5b131966ab4"
"analysis/outputs/tables/sensitivity/09_d19_category_frequencies.csv","4515","cd020fb5ad9c2e3864b9852065dcbf9737dfee3c21f876a79cf1da10a633b75e"
"analysis/outputs/tables/sensitivity/09_d19_correlation_types.csv","7576","76b2cfaa6b571e98b1478892e3769fbffc05c553a736045a203dda50058ddeb3"
"analysis/outputs/tables/sensitivity/09_d19_edge_comparison_long.csv","33162","87d9c0ac65a24bfb547c5d47ab96a27321c480ece108d751640a7ea3f8d3f133"
"analysis/outputs/tables/sensitivity/09_d19_matrix_diagnostics.csv","560","51145d55cff2a9a37164a30c5d9aa304587144717bb815fe0e5e76e1837d2880"
"analysis/outputs/tables/sensitivity/09_d19_pairwise_cell_diagnostics.csv","167959","86befe4a6699675677869e1df5f70831aed94b62449aeaa645c5feaa19a94dcc"
"analysis/outputs/tables/sensitivity/09_d19_polychoric_conditions.csv","1717","b2dc9dbb0c05c899449e3b4a801bda672414fe21244c66a6d58bdc873579b73d"
"analysis/outputs/tables/sensitivity/09_d19_primary_comparison.csv","1377","75d9aae0d00df5f22acb25db9032b5d064110c354d3f655d71fbf366519ad715"
"analysis/outputs/tables/sensitivity/09_d19_validation.csv","1045","89d3f70c597ba14a7ba8d44accb91c892b259e7415581691435ea901fd87c523"
"analysis/outputs/tables/sensitivity/09_d20a_gamma025_conditions.csv","3029","e76939553ad881056da3c252cae7d80b6bfc7f5d2e54d68aa1884cbf6cc76f4b"
"analysis/outputs/tables/sensitivity/09_d20a_gamma025_edge_comparison_long.csv","34876","3c4c87155f6181f99579e34f1851392bc11b68ace3ee237fa9ce13fabd0e8e0b"
"analysis/outputs/tables/sensitivity/09_d20a_gamma025_primary_comparison.csv","1095","351ba7c73619a3889eb6a340b4452e76cfac8050a24610ca9c874e1b5c54f829"
"analysis/outputs/tables/sensitivity/09_d20a_gamma025_validation.csv","668","9d972088522ab7cc80a9332b62a45eb78b76228dd99144f7322566687f007fbb"
"analysis/outputs/tables/sensitivity/09_d20a_no_vcf0839_conditions.csv","1704","eca18617728207fb739c4167e5503a3ce600c09675fb743994ab265401e93e7c"
"analysis/outputs/tables/sensitivity/09_d20a_no_vcf0839_edge_comparison_long.csv","32469","524b6ae751562df4eee0eacb59501cdfe34e25622e4e83929d25cd82d584b6a0"
"analysis/outputs/tables/sensitivity/09_d20a_no_vcf0839_identity_validation.csv","1484","7a308c11d1a0e393fd97c129e4c38183f2ce3934824fefdf314993bef23bc4b3"
"analysis/outputs/tables/sensitivity/09_d20a_no_vcf0839_primary_comparison.csv","1320","e45c1ae282c34dc283035b8bca68ec1c301eaef1697d083a8b6f418b0ea94d7a"
"analysis/outputs/tables/sensitivity/09_decision_gate.csv","415","d5e1ec0a9c5030ea8ef2f203e8f589b1b185855bbf537b0d40582c97a45f9ed4"
"analysis/outputs/tables/sensitivity/09_input_hash_validation.csv","2196","9c4b544c1fdca3cbcad10e9d2b1ff882e7c7713a4c286e959f64da2cd8e3e8a4"
"analysis/outputs/tables/sensitivity/09_input_inventory.csv","4743","bd5add003d8a8907ce55bcb68ea895ef445622fe8f7522adb182e380a996a314"
"analysis/outputs/tables/sensitivity/09_output_hash_inventory.csv","8694","5c63715ceb47016f9c6d2208e5862b63e74690692e124a8adbb98215b235d500"
"analysis/outputs/tables/sensitivity/09_package_gate.csv","210","79b8e211e027de511bb1c9b31d5da701898eb696fc7ac131fccf2f276d73483c"
"analysis/outputs/tables/sensitivity/09_primary_claim_registry_validation.csv","473","3ff6b553013ec3bd53887067c68430f590162b6fdf0889c05de037ea528365f9"
"analysis/outputs/tables/sensitivity/09_primary_claim_robustness_summary.csv","25129","c5aadcf353bdb94684f8cafb2140aa26e61bbc3434fcc0ca112bec179aeb0bac"
"analysis/outputs/tables/sensitivity/09_primary_input_validation.csv","299","dfdb94522a461165cb6fd7116060b2f1232ce13a5f65bd655dd1067d1652beb2"
"analysis/outputs/tables/sensitivity/09_prohibited_call_gate.csv","443","cc3988c73c5a789c9bfb201edc24f1e4c7dd101c648a2c838610d716e62a9760"
"analysis/outputs/tables/sensitivity/09_run_controls.csv","427","ba2d34374019b35fda169430d4e413f15271fa0d6d9aa7242648360b8dc912c8"
"analysis/outputs/tables/sensitivity/09_sensitivity_comparison_long.csv","222990","09c831068c614bd9d257f6172608fff102f6c34129b2b7bd4625a7580f4c6193"
"analysis/outputs/tables/sensitivity/09_sensitivity_summary_by_wave.csv","6293","df1e076801b8e339e3f06c16ed4f9ccbd8d7ef0d9078c8d05ae9b3da0f063cb8"
"analysis/outputs/tables/sensitivity/09B_claim_robustness_summary.csv","333","75a293e655473a6f31b6f804f997cb93a9dc2d4d17cb30fe9aaf42b3ccbc7c0b"
"analysis/outputs/tables/sensitivity/09B_claim_robustness.csv","35007","7e2549c6e12391874519032308e12c6804cc8ac6f78445708dd25502eb882ac5"
"analysis/outputs/tables/sensitivity/09B_completion_status.csv","668","ad57dac1694e9fec70103ba686b63742f3afe4ef7e3792574e1c9b7ad1918ef7"
"analysis/outputs/tables/sensitivity/09B_contrast_robustness.csv","3379","1593ddeaa894b6cdcd84705dd5c5fbf294985bc49a4cc94eba574e7963f8de03"
"analysis/outputs/tables/sensitivity/09B_correction_validation.csv","494","ae334d80b63f92a729fbbaf8560a5c1efad3ed813f2f65ff3b2a7425a212ca3d"
"analysis/outputs/tables/sensitivity/09B_decision_gate.csv","465","98cad981e16bf22a16e2195e1dc48245a602f5ee64ceb57e5747b63108bf574e"
"analysis/outputs/tables/sensitivity/09B_diagnostic_label_correction_validation.csv","550","f13d63c7c3894d5223444da4ee7dc40813775b84a2c65140afa9d20ef44bbf32"
"analysis/outputs/tables/sensitivity/09B_equalN_edge_summary.csv","45734","8af16f2cd7b6a6152fcd23ab01c9b881dea81d834d467cbe340bbf955851679a"
"analysis/outputs/tables/sensitivity/09B_equalN_network_summary.csv","1905","7b21d3659adf177da09fc3b69510f44b2695115adfd83ef22128dd35115f4da0"
"analysis/outputs/tables/sensitivity/09B_equalN_run_diagnostics.csv","4225271","383db336fd15fe550bb8b4d5009611d71a47131a7830657c2682e464cc4dbd7b"
"analysis/outputs/tables/sensitivity/09B_equalN_validation.csv","347","cb4eb4126ea5dde26076e018c6bb97a9d38c7c383febb4cb25d3ad563fbacf5e"
"analysis/outputs/tables/sensitivity/09B_fullN_threshold_diagnostics.csv","924","e5e7ce404cf65cf3ffef784fb1763fdc6baf3b422950b6fb42ad1696da4bfbf8"
"analysis/outputs/tables/sensitivity/09B_fullN_threshold_edge_comparison.csv","24140","63ea92fd78d228d660f844468a8c3fac4d52092d59ea961b8f54b0f9e62633ef"
"analysis/outputs/tables/sensitivity/09B_independent_audit_validation.csv","1844","5c885a3b4ae08ab802486b11267ffcade442d6ddf3d15a295a20027ce06b2beb"
"analysis/outputs/tables/sensitivity/09B_independent_edge_recalculation_detail.csv","89566","7da574f698fc5070a614d8a2f68cb3b004ea3142d297d357c58afef2c70f5fc4"
"analysis/outputs/tables/sensitivity/09B_independent_recalculation_comparison.csv","367","f025f30bd456bc6c2a93edc5bb88071730066959334df8f07f8ab93106df03d0"
"analysis/outputs/tables/sensitivity/09B_input_hash_validation.csv","2354","34e9ee5cc2f17e7290211abd8efd787726cff50fe27bf9f37013640e0a835476"
"analysis/outputs/tables/sensitivity/09B_output_hash_inventory.csv","3820","a95d3cdb602da804364965e7b1caed028f367ccc9f195c18a98d28b482bafcb0"
"analysis/outputs/tables/sensitivity/09B_package_gate.csv","123","6c8848a13580e7b87ff3860105091a4e4113e1b81e220a1e0f15b39b76e2f714"
"analysis/outputs/tables/sensitivity/09B_pilot_diagnostics.csv","167544","c8d6ec15edf8f75066a1523c43efa2367c53880d620e9583a222c61cdb2a2f12"
"analysis/outputs/tables/sensitivity/09B_pilot_validation.csv","262","a2b71df56c011d7042238fc176edffec106141e043c9f65bfb45665495881740"
"analysis/outputs/tables/sensitivity/09B_primary_identity_validation.csv","288","dd29c8662fd6f530ed0cb676c9d6d695371454089d6f6c4ab29f9e43c5b9bd87"
"analysis/outputs/tables/sensitivity/09B_primary_input_validation.csv","402","dad8584286937239ed637a74632dce032462155efc33db459f4e0d6f76984ae2"
"analysis/outputs/tables/sensitivity/09B_run_controls.csv","318","66b8f9a23fa23d21eb952a5d9ce3b9213e10ba55300cdbb2136c3105a619187b"
"analysis/outputs/tables/sensitivity/09B_seed_manifest.csv","450522","65f525f1848a8476b979165e3bb5e3264ecb6c493341959578b5f00960ba0a4d"
"analysis/outputs/tables/sensitivity/09B_source_hash_inventory.csv","1688","fd18d4af523962541dae1fd99b59cba8b9c55e7ed98789ddf411ce6c76e949ac"
"analysis/outputs/tables/supplement/candidate_pool_16_audit/candidate_pool_16_2024_missingness_pattern.csv","684","a0e4ee52a4bfa6a60ed5fed51b9ed2b6cfc908e3e90a8ba1b641c45bb793588b"
"analysis/outputs/tables/supplement/candidate_pool_16_audit/candidate_pool_16_codebook_evidence.csv","5668","3c3f48959d873bf5471119905aafa66e8ee66a83dc6c62fc558a63720d6c7bea"
"analysis/outputs/tables/supplement/candidate_pool_16_audit/candidate_pool_16_complete_case_validation.csv","94","d162d9380d04fce0e05430612ef0604f0a2e1b2b9cb53a93384959db8196b014"
"analysis/outputs/tables/supplement/candidate_pool_16_audit/candidate_pool_16_independent_count_comparison.csv","2733","6d31b0c62c11ae8bcc2857d0d72e086a28ecaa810faa5774ddb09d085a582b33"
"analysis/outputs/tables/supplement/candidate_pool_16_audit/candidate_pool_16_independent_validation.csv","755","bf7c946b919d348b4a17e3cf768cac064c6bcd2b6e2b817b0bbfd28dedd9fd29"
"analysis/outputs/tables/supplement/candidate_pool_16_audit/candidate_pool_16_input_manifest.csv","1625","7787ab32f430edca9c2336b1b4576df9e16d1fd4d4d50e8d5129050af0092e08"
"analysis/outputs/tables/supplement/candidate_pool_16_audit/candidate_pool_16_output_manifest.csv","1456","1a8580163c2fc489c35a863328860f1bd1a055fc8ac24d47012c22dfd75e177c"
"analysis/outputs/tables/supplement/candidate_pool_16_audit/candidate_pool_16_previous_count_differences.csv","360","2fc10de7b87971e8997dc1b8f26598a83e77e3eedd3271b62076d81cd78fa75f"
"analysis/outputs/tables/supplement/candidate_pool_16_audit/candidate_pool_16_secondary_source_evidence.csv","1458","139693bf56cbbf860812c27baa6801c811f46d4da95771b8fb4253a650b14372"
"analysis/outputs/tables/supplement/candidate_pool_16_audit/candidate_pool_16_source_discrepancies.csv","2322","5d466f4e8d5a42347d8f4e4a9720dfd38d05a2201e4a2997dc01666197d67f08"
"analysis/outputs/tables/supplement/candidate_pool_16_audit/candidate_pool_16_summary.csv","6958","ddd66cdc81e75c531c5f8e7fd66b1dacb2669f8ff7422c22e1dc589e7430b8fb"
"analysis/outputs/tables/supplement/candidate_pool_16_audit/candidate_pool_16_validation.csv","1279","66493f1dd32a366d527c9ed3c434fcfab95b800c23cb4bc6de37b9ec25216cb9"
"analysis/outputs/tables/supplement/candidate_pool_16_audit/candidate_pool_16_value_frequencies.csv","54181","67269db852f72fb36cf654827458b1bf40a36d4582bddd4296d2e37b3eb65fd6"
"analysis/outputs/tables/supplement/candidate_pool_16_audit/candidate_pool_16_value_labels.csv","4297","0ba5519641632d313a983ac97890aeef4d079ccbf59a4f211f12e134528b6b66"
"analysis/outputs/tables/supplement/candidate_pool_16_audit/candidate_pool_16_year_availability.csv","21791","bfe3eaf6f284d79158b9425f1da8b9f30984d9174e128b900c31e5ccdf3ae37a"
"analysis/outputs/tables/supplement/node_wave_selection/2008_exclusion_evidence.csv","1469","1838c76362d4dd60616e18b6663bc8dbe0862657a0bd6940ebdc10dd3fd2729f"
"analysis/outputs/tables/supplement/node_wave_selection/2008_pairwise_cell_summary.csv","140","634153b07eb19e083dc239380d97371b80b3a71cebea2306614690116f71cc57"
"analysis/outputs/tables/supplement/node_wave_selection/2024_immigration_mapping_validation.csv","322","0b1bc229d5480019d3a2044f128ecd05a186273b56d05054a77238f68d5ad872"
"analysis/outputs/tables/supplement/node_wave_selection/artifact_manifest.csv","3385","f7b0953eff87718a1177a4a21aa2fd9502b7d367019b313afe864d9aa1e0fb0c"
"analysis/outputs/tables/supplement/node_wave_selection/candidate_node_decisions.csv","6732","99bc321af5b21ed2a5b6cc9e3005106c64e1201a553e280863b629908d27be02"
"analysis/outputs/tables/supplement/node_wave_selection/candidate_node_set_feasibility.csv","2265","244109394b8a70b8df8c3564c0aa58ad65e51dc26c99fe15bec8aaf98628171b"
"analysis/outputs/tables/supplement/node_wave_selection/evidence_input_inventory.csv","1886","0199de5e305c9e94355fa0b3c42ffe8900faf11fb8051943dbfdc6a8762f0ff6"
"analysis/outputs/tables/supplement/node_wave_selection/final_five_wave_measurement_map.csv","81689","c691f2678756c1e5d47ae2653c5d05797fe95dde499ce52b9f71c87d9bd6d1bb"
"analysis/outputs/tables/supplement/node_wave_selection/final_nine_node_map.csv","3700","f5c979c3cb40405fdbfce49f129f6958f1ce9d7d573af67cb0664a2f61d04880"
"analysis/outputs/tables/supplement/node_wave_selection/node_wave_availability.csv","129065","b95f0b50742b3eae7c8807b365e7632feefffb0cba9303b776929392b2bc5dc1"
"analysis/outputs/tables/supplement/node_wave_selection/node_wave_selection_status.csv","191","7651be8458b0bbb99b9eeac49b6e26f2568b3df12ec2bcbf9285714f24c26687"
"analysis/outputs/tables/supplement/node_wave_selection/node_wave_selection_validation.csv","1815","a020e6e1e4747b19174ec38778ed19855b47729e8e43808bbd57e7dfb8529564"
"analysis/outputs/tables/supplement/node_wave_selection/README.md","420","7d16f7e81d6be6fe4b638c923b8e1676aa0547cd832fd9e4dcfbbac2774c3012"
"analysis/outputs/tables/supplement/node_wave_selection/source_mapping_evidence.csv","2612","73d0065aded18de6570768290e4541d0824f1be27f13c5a39d21afdd1cac7d2c"
"analysis/outputs/tables/supplement/node_wave_selection/wave_selection_decisions.csv","1756","0124f499cdddb7a103bab55df1430587ea439dffc46ed79831df9272a0b9282e"
"analysis/plotdata/appendix/precision_2012_print.png","248935","1d1ba1fb824120aa9bbeb4ce107d731ec2b2862b53ac468349810ec52159974a"
"analysis/plotdata/appendix/precision_2016_print.png","248894","5bdeb44d78e7910f037f2c4de2f9f4f1313fdb25109136a5d678392e8b97c682"
"analysis/plotdata/appendix/precision_2020_print.png","249261","f3c16b474bcaa361c7836b4bb931825b4845e91700c7d178c4aa09bc266fff36"
"analysis/plotdata/appendix/precision_display_values.csv","8767","619bb428cca987223600d418ef67299f9ddf09a41b4262e51248a5863f1f7ddb"
"analysis/plotdata/figures/Figure_4_1_source_coordinates.csv","388","4d2c3dda6bb81276ae826946b27d625506efed9b87ef3d063f8a3f2ea6ff30ae"
"analysis/plotdata/figures/Figure_4_1_source_edges.csv","9728","398048e9b933d0b365e28c99782887e5076128b02e3d150718a8186c84183999"
"analysis/plotdata/figures/Figure_4_2_source_matrix.csv","4413","342364b6482ee4b3c52f6e7b80545ebd7956b5c0b747a26094eb72fc45f85a3e"
"analysis/plotdata/figures/Figure_4_3_source_edges.csv","31776","ccd877b8bfed9dbcb1b65df97f6f14e71200df413be1d6c136151c4b1491d598"
"analysis/plotdata/figures/Figure_4_3_source_matrix.csv","6298","3f079b0748b776171a653d12c321cb18aec6023448fe7a00c914636d965641a7"
"analysis/plotdata/figures/figure_edge_row_order.csv","1455","c11751132e7124ea8cf5441745c68bf3589318234265940f489912eecb5d8725"
"analysis/plotdata/figures/figure_export_manifest.csv","632","169960b7eb2a007d8d6d2a5b1a187a7fefa4a3109b466768994a2e23d8720dd3"
"analysis/plotdata/figures/figure_node_key.csv","777","df9cf27b41edfdeb3b9b5a8cf50e7969fcc26ff2d923cb2e73e627848bd7305c"
"analysis/plotdata/figures/figure_source_inventory.csv","759","2138172d1fe3bb7d822f3e7fef5118d797524efd7271f13d0a399d4285aeca19"
"analysis/plotdata/figures/figure_validation.csv","470","7128687e62a8e336c7b6ca79846d30fa35a88be65884cac3a21e14312b5d436e"
"analysis/plotdata/tables/source_sha256.csv","1000","20b74d06273355df669d0d7c4e7f48ad28476f6aa3ea0270f9cd2f7c6263b506"
"analysis/plotdata/tables/Table_4_3_year_contrast_robustness.csv","1049","66888f4834fcde4e0e08d274795d40087c1e0d3c03ae99ce9ba8cc76339234b3"
"analysis/project_docs/decisions/research_decisions_log.md","106669","ec6181cc68ff6c3d693d9ff8054dd63aa50c202b07f467f704fd0c092a27ff94"
"analysis/project_docs/decisions/step07_pilot_authorisation.csv","677","9109978984be6976a2d3133e7b766f1f78c26cc03c6d780b405e42d789781598"
"analysis/project_docs/decisions/step09_execution_authorisation.csv","737","299f843fcf794e3b01b19659a4ca6183bea7b12aaa5cbff2bc518d1db5420137"
"analysis/project_docs/decisions/step09_primary_claim_registry.csv","37708","2da9c17f700731baa899d4a11ab40f2d79a0a2c45c1482b8a119177351068f43"
"analysis/project_docs/decisions/step09_sensitivity_scope.csv","4762","f8c04bdc8f6fa36713aba09f2f60bd6cf91d9b433ebd9226b3065e9dd533af14"
"analysis/project_docs/decisions/step09b_arm_specification.csv","1029","6fd3d9254a73910e029e47b5d7eb4f50eb386a61668cee3dd10be76a0af775d0"
"analysis/project_docs/decisions/step09b_execution_authorisation.csv","614","17dcf1e9e7bab7a36951ef8d88ecce66611ee4fc77d5328e784cefef5bf02a4c"
"analysis/project_docs/decisions/step09b_primary_claim_registry.csv","66481","226b3928251901fab8b18cbb01ff0975525917cc6753a2160095fa1add697d02"
"analysis/project_docs/governance_audit/REVISED_PROPOSED_DECISION_REGISTRY_v5.csv","34366","a19b67cc6ae01818f6f38cedf3c28e1d09bc575e51bc5dff9ee8c2c343f61648"
"analysis/R/00A_retrospective_candidate_completeness_audit.R","14793","6f32b7cb95900df22d9a0434a2546368e7c04de0eeff9671e26ab61d7bf5ceb1"
"analysis/R/01A_node_and_wave_selection_engine.R","23676","c1afc913783b35dc4eb16bd3bd9408447554ba9972edc7acc090541a33d132d0"
"analysis/R/01B_candidate_pool_16_audit.R","16461","e29f9085ca8df66ec17f5412cd6175378bc9e304a4c77805f7647dbefe3ef47d"
"analysis/R/01B_validate_candidate_pool_16_independently.R","4795","530461fa9878c1a482355729536bf5af2a7eeebf961dd00a9f946c5a80b18fe2"
"analysis/R/02_2008_exclusion_diagnostic.R","5836","66d7a9ab8408e2baedb8299b8efa5bb82b11d79796c7b5dd25683ed6a7c10dd0"
"analysis/R/03_validate_node_wave_selection_module.R","1773","1fdc17b80ca3295ce13d12be6673524a4fc2693efefd10eb1c1f64e3b7bc4c02"
"analysis/R/09_sensitivity_analysis_engine.R","65139","c02edaaf25c0245cf530bf608441de40f94b1d61140f0aac94828ebcfa3d6395"
"analysis/R/09B_correct_diagnostic_labels.R","7056","3d615fff34e26296e21db53f88ab5817473e26f0c4c1b81fb9f27cbeb6cde197"
"analysis/R/09B_correct_edge_state_audit.R","12250","3871dabd048abf61ba6b848b40af6819bc50be7c62a757dbea79dcdaaf41e66f"
"analysis/R/09B_independent_audit.R","17244","2227db450e8e93374f045ee3dd588358331d2c143ce1e87395d2bfc32df707da"
"analysis/R/09B_specificity_sample_size_sensitivity_engine.R","49297","16d9f13ced88131226c68a4558f0be1ec2660d3a1c340ef67a6fa7a996fe4d73"
"analysis/R/10_finalize_results_and_reproducibility.R","12635","916e07ed86942f4b81c6acc3e60e8cec2de16cea16d840bcf5b34f7a479386bf"
"analysis/R/10_render_results_and_reproducibility.R","2604","d14341fe7b7c4b4a532e1a35ad12b388cdf878c1b65867838a8d41b8304715ce"
"analysis/R/10_results_and_reproducibility_engine.R","53227","e274cb2a7d88c3cbf84b13a4e062cf3c7875850e2f31fab5f9c7b1882b168f5b"
"analysis/R/10_results_and_reproducibility_independent_audit.R","16882","4279d1483c388de233541fef88a641302531b3d9fa5125516b99556a12cbce05"
"analysis/R/Figures.R","16544","32396cdac829b1253ecbfb2af769eb62009de7d00cede1fa976451a43c12c816"
"analysis/R/Paths.R","2002","1a9bf3806d97e703ce290c3d3c5c320cd280b71803926f44fb93402e1c5ef3d5"
"analysis/R/Precision.R","2421","2798eae2b4d80cfa7efbe02544f55a25270589d9dc406afa795fae5c6e0635a8"
"analysis/R/Robustness.R","5685","825a2179f7d13047bca81f9ac890d3fb9dfc2f54e81753bd8e2a9bb2f3fbf36e"
"analysis/R/Tables.R","7450","2f3e6b10b6f74e5df3e907748b4b3158ba406f8fb793062a29c9dbaa8bc8f994"
"analysis/R/verify_renv_submission_state.R","3952","408a605a0d82e6a8983177e1b92f2f2016adbca4e908794104bf3409fc691b27"
"analysis/README.md","5315","b4d186b5727040c528054485cb4e3a588ae4cbf5062c81247ddd5d25294ab185"
"analysis/renv.lock","368180","6c7c65a8a7048221378edabf24cc5c6991647c09a6fc1e72684ca7835531c020"
"analysis/renv/activate.R","41384","46b6df9b9df9e6ce336ceb43c73e5ecfc87f3dd0344aff93a61d53545c59d4d9"
"analysis/renv/settings.json","457","e4d665db713d389f5e506a3d870b2b477ef2106eda5cc1a996591bf81e249f4b"
"analysis/Run.R","1819","3a0567558cc30b91a7ff23684f8dab82cdbd31241409671b4d789013239abc88"
"appendix/Appendix.docx","789943","119992d9427612d3e2d282330131f4a588ed6925040ab1d2645538983a6c99c2"
"README.md","850","fa63d1e0b14785897f24adf06d1862519bb82e96915b1d215f359087d8ecdd8a"
"results/Education.csv","539","fa916faf449fe698b7cf0c2e9ad6c165441f6e241628acf863dd2f399fbd90df"
"results/Education.pdf","53767","c2848c48721a12c1cd37303bc5fa7f1896e23abbbd162cd5196cd7cb38e75a5d"
"results/Index.csv","2677","1ebe4414e10f994aa3d2523e50f96929b8a7802832597f0a20035fc5584f67c1"
"results/Intervals.csv","511","24e8765585fad22a3b8575b1484d8bfb5855aac6a9aa2ee782f68727b8874399"
"results/Networks.pdf","50549","ecd42916a91975518d1be63b1d6837ba134ff05c09142582d6a418ee80ca1dd7"
"results/Robustness.csv","841","3aed3e89dff29f0c9913e5f77e263e07449c5114db4fe3338e258f72366c10bb"
"results/Robustness.pdf","58257","1a1befbc027ee3bb6e32c92dd45776a13275f4bbe0a475e9fc03acb6a0978cef"
"results/Robustness.rtf","6956","e64ba908f77457f27e9a2df7e2e5005590869fabd8b34e80528161517cf13aea"
"results/Samples.csv","450","073d959289ec2c8bd96decb3f38a1db12cb9fb94b895f24336e0e89ac5777cbc"
"results/Years.pdf","50663","2a2604b7279a070a5a7aad53840c3ba15ef9a2e48a62397f3345cec6f7c44bd5"
