"Variable","Year","Raw_code","Raw_label","N","Response_class"
"VCF0806",2004,0,"0. NA; Form II (1972); version NEW (2008); no Post IW;",1,"OUTSIDE_SPECIFIED_SUBSTANTIVE_SCALE"
"VCF0806",2004,1,"1. Government insurance plan",220,"IN_SPECIFIED_SUBSTANTIVE_SCALE"
"VCF0806",2004,2,"UNLABELLED_IN_DTA",139,"IN_SPECIFIED_SUBSTANTIVE_SCALE"
"VCF0806",2004,3,"UNLABELLED_IN_DTA",150,"IN_SPECIFIED_SUBSTANTIVE_SCALE"
"VCF0806",2004,4,"UNLABELLED_IN_DTA",216,"IN_SPECIFIED_SUBSTANTIVE_SCALE"
"VCF0806",2004,5,"UNLABELLED_IN_DTA",165,"IN_SPECIFIED_SUBSTANTIVE_SCALE"
"VCF0806",2004,6,"UNLABELLED_IN_DTA",124,"IN_SPECIFIED_SUBSTANTIVE_SCALE"
"VCF0806",2004,7,"7. Private insurance plan",98,"IN_SPECIFIED_SUBSTANTIVE_SCALE"
"VCF0806",2004,9,"9. DK; haven't thought much about it",99,"OUTSIDE_SPECIFIED_SUBSTANTIVE_SCALE"
"VCF0806",2008,0,"0. NA; Form II (1972); version NEW (2008); no Post IW;",1168,"OUTSIDE_SPECIFIED_SUBSTANTIVE_SCALE"
"VCF0806",2008,1,"1. Government insurance plan",271,"IN_SPECIFIED_SUBSTANTIVE_SCALE"
"VCF0806",2008,2,"UNLABELLED_IN_DTA",134,"IN_SPECIFIED_SUBSTANTIVE_SCALE"
"VCF0806",2008,3,"UNLABELLED_IN_DTA",126,"IN_SPECIFIED_SUBSTANTIVE_SCALE"
"VCF0806",2008,4,"UNLABELLED_IN_DTA",187,"IN_SPECIFIED_SUBSTANTIVE_SCALE"
"VCF0806",2008,5,"UNLABELLED_IN_DTA",124,"IN_SPECIFIED_SUBSTANTIVE_SCALE"
"VCF0806",2008,6,"UNLABELLED_IN_DTA",90,"IN_SPECIFIED_SUBSTANTIVE_SCALE"
"VCF0806",2008,7,"7. Private insurance plan",112,"IN_SPECIFIED_SUBSTANTIVE_SCALE"
"VCF0806",2008,9,"9. DK; haven't thought much about it",110,"OUTSIDE_SPECIFIED_SUBSTANTIVE_SCALE"
"VCF0806",2012,0,"0. NA; Form II (1972); version NEW (2008); no Post IW;",3,"OUTSIDE_SPECIFIED_SUBSTANTIVE_SCALE"
"VCF0806",2012,1,"1. Government insurance plan",868,"IN_SPECIFIED_SUBSTANTIVE_SCALE"
"VCF0806",2012,2,"UNLABELLED_IN_DTA",612,"IN_SPECIFIED_SUBSTANTIVE_SCALE"
"VCF0806",2012,3,"UNLABELLED_IN_DTA",659,"IN_SPECIFIED_SUBSTANTIVE_SCALE"
"VCF0806",2012,4,"UNLABELLED_IN_DTA",1087,"IN_SPECIFIED_SUBSTANTIVE_SCALE"
"VCF0806",2012,5,"UNLABELLED_IN_DTA",741,"IN_SPECIFIED_SUBSTANTIVE_SCALE"
"VCF0806",2012,6,"UNLABELLED_IN_DTA",775,"IN_SPECIFIED_SUBSTANTIVE_SCALE"
"VCF0806",2012,7,"7. Private insurance plan",729,"IN_SPECIFIED_SUBSTANTIVE_SCALE"
"VCF0806",2012,9,"9. DK; haven't thought much about it",440,"OUTSIDE_SPECIFIED_SUBSTANTIVE_SCALE"
"VCF0806",2016,0,"0. NA; Form II (1972); version NEW (2008); no Post IW;",13,"OUTSIDE_SPECIFIED_SUBSTANTIVE_SCALE"
"VCF0806",2016,1,"1. Government insurance plan",640,"IN_SPECIFIED_SUBSTANTIVE_SCALE"
"VCF0806",2016,2,"UNLABELLED_IN_DTA",389,"IN_SPECIFIED_SUBSTANTIVE_SCALE"
"VCF0806",2016,3,"UNLABELLED_IN_DTA",393,"IN_SPECIFIED_SUBSTANTIVE_SCALE"
"VCF0806",2016,4,"UNLABELLED_IN_DTA",745,"IN_SPECIFIED_SUBSTANTIVE_SCALE"
"VCF0806",2016,5,"UNLABELLED_IN_DTA",477,"IN_SPECIFIED_SUBSTANTIVE_SCALE"
"VCF0806",2016,6,"UNLABELLED_IN_DTA",497,"IN_SPECIFIED_SUBSTANTIVE_SCALE"
"VCF0806",2016,7,"7. Private insurance plan",624,"IN_SPECIFIED_SUBSTANTIVE_SCALE"
"VCF0806",2016,9,"9. DK; haven't thought much about it",492,"OUTSIDE_SPECIFIED_SUBSTANTIVE_SCALE"
"VCF0806",2020,0,"0. NA; Form II (1972); version NEW (2008); no Post IW;",27,"OUTSIDE_SPECIFIED_SUBSTANTIVE_SCALE"
"VCF0806",2020,1,"1. Government insurance plan",1648,"IN_SPECIFIED_SUBSTANTIVE_SCALE"
"VCF0806",2020,2,"UNLABELLED_IN_DTA",882,"IN_SPECIFIED_SUBSTANTIVE_SCALE"
"VCF0806",2020,3,"UNLABELLED_IN_DTA",852,"IN_SPECIFIED_SUBSTANTIVE_SCALE"
"VCF0806",2020,4,"UNLABELLED_IN_DTA",1264,"IN_SPECIFIED_SUBSTANTIVE_SCALE"
"VCF0806",2020,5,"UNLABELLED_IN_DTA",825,"IN_SPECIFIED_SUBSTANTIVE_SCALE"
"VCF0806",2020,6,"UNLABELLED_IN_DTA",708,"IN_SPECIFIED_SUBSTANTIVE_SCALE"
"VCF0806",2020,7,"7. Private insurance plan",1173,"IN_SPECIFIED_SUBSTANTIVE_SCALE"
"VCF0806",2020,9,"9. DK; haven't thought much about it",901,"OUTSIDE_SPECIFIED_SUBSTANTIVE_SCALE"
"VCF0806",2024,-1,"UNLABELLED_IN_DTA",245,"OUTSIDE_SPECIFIED_SUBSTANTIVE_SCALE"
"VCF0806",2024,0,"0. NA; Form II (1972); version NEW (2008); no Post IW;",15,"OUTSIDE_SPECIFIED_SUBSTANTIVE_SCALE"
"VCF0806",2024,1,"1. Government insurance plan",1075,"IN_SPECIFIED_SUBSTANTIVE_SCALE"
"VCF0806",2024,2,"UNLABELLED_IN_DTA",590,"IN_SPECIFIED_SUBSTANTIVE_SCALE"
"VCF0806",2024,3,"UNLABELLED_IN_DTA",623,"IN_SPECIFIED_SUBSTANTIVE_SCALE"
"VCF0806",2024,4,"UNLABELLED_IN_DTA",833,"IN_SPECIFIED_SUBSTANTIVE_SCALE"
"VCF0806",2024,5,"UNLABELLED_IN_DTA",568,"IN_SPECIFIED_SUBSTANTIVE_SCALE"
"VCF0806",2024,6,"UNLABELLED_IN_DTA",438,"IN_SPECIFIED_SUBSTANTIVE_SCALE"
"VCF0806",2024,7,"7. Private insurance plan",651,"IN_SPECIFIED_SUBSTANTIVE_SCALE"
"VCF0806",2024,9,"9. DK; haven't thought much about it",483,"OUTSIDE_SPECIFIED_SUBSTANTIVE_SCALE"
"VCF0809",2004,1,"1. Government see to job and good standard of living",135,"IN_SPECIFIED_SUBSTANTIVE_SCALE"
"VCF0809",2004,2,"UNLABELLED_IN_DTA",92,"IN_SPECIFIED_SUBSTANTIVE_SCALE"
"VCF0809",2004,3,"UNLABELLED_IN_DTA",144,"IN_SPECIFIED_SUBSTANTIVE_SCALE"
"VCF0809",2004,4,"UNLABELLED_IN_DTA",225,"IN_SPECIFIED_SUBSTANTIVE_SCALE"
"VCF0809",2004,5,"UNLABELLED_IN_DTA",189,"IN_SPECIFIED_SUBSTANTIVE_SCALE"
"VCF0809",2004,6,"UNLABELLED_IN_DTA",179,"IN_SPECIFIED_SUBSTANTIVE_SCALE"
"VCF0809",2004,7,"7. Government let each person get ahead on his own",139,"IN_SPECIFIED_SUBSTANTIVE_SCALE"
"VCF0809",2004,9,"9. DK; haven't thought much about it",109,"OUTSIDE_SPECIFIED_SUBSTANTIVE_SCALE"
"VCF0809",2008,0,"0. NA; no Post IW; form A (1986); version NEW (2008);",1171,"OUTSIDE_SPECIFIED_SUBSTANTIVE_SCALE"
"VCF0809",2008,1,"1. Government see to job and good standard of living",172,"IN_SPECIFIED_SUBSTANTIVE_SCALE"
"VCF0809",2008,2,"UNLABELLED_IN_DTA",102,"IN_SPECIFIED_SUBSTANTIVE_SCALE"
"VCF0809",2008,3,"UNLABELLED_IN_DTA",121,"IN_SPECIFIED_SUBSTANTIVE_SCALE"
"VCF0809",2008,4,"UNLABELLED_IN_DTA",203,"IN_SPECIFIED_SUBSTANTIVE_SCALE"
"VCF0809",2008,5,"UNLABELLED_IN_DTA",173,"IN_SPECIFIED_SUBSTANTIVE_SCALE"
"VCF0809",2008,6,"UNLABELLED_IN_DTA",130,"IN_SPECIFIED_SUBSTANTIVE_SCALE"
"VCF0809",2008,7,"7. Government let each person get ahead on his own",123,"IN_SPECIFIED_SUBSTANTIVE_SCALE"
"VCF0809",2008,9,"9. DK; haven't thought much about it",127,"OUTSIDE_SPECIFIED_SUBSTANTIVE_SCALE"
"VCF0809",2012,0,"0. NA; no Post IW; form A (1986); version NEW (2008);",7,"OUTSIDE_SPECIFIED_SUBSTANTIVE_SCALE"
"VCF0809",2012,1,"1. Government see to job and good standard of living",609,"IN_SPECIFIED_SUBSTANTIVE_SCALE"
"VCF0809",2012,2,"UNLABELLED_IN_DTA",536,"IN_SPECIFIED_SUBSTANTIVE_SCALE"
"VCF0809",2012,3,"UNLABELLED_IN_DTA",708,"IN_SPECIFIED_SUBSTANTIVE_SCALE"
"VCF0809",2012,4,"UNLABELLED_IN_DTA",1256,"IN_SPECIFIED_SUBSTANTIVE_SCALE"
"VCF0809",2012,5,"UNLABELLED_IN_DTA",843,"IN_SPECIFIED_SUBSTANTIVE_SCALE"
"VCF0809",2012,6,"UNLABELLED_IN_DTA",839,"IN_SPECIFIED_SUBSTANTIVE_SCALE"
"VCF0809",2012,7,"7. Government let each person get ahead on his own",685,"IN_SPECIFIED_SUBSTANTIVE_SCALE"
"VCF0809",2012,9,"9. DK; haven't thought much about it",431,"OUTSIDE_SPECIFIED_SUBSTANTIVE_SCALE"
"VCF0809",2016,0,"0. NA; no Post IW; form A (1986); version NEW (2008);",12,"OUTSIDE_SPECIFIED_SUBSTANTIVE_SCALE"
"VCF0809",2016,1,"1. Government see to job and good standard of living",368,"IN_SPECIFIED_SUBSTANTIVE_SCALE"
"VCF0809",2016,2,"UNLABELLED_IN_DTA",326,"IN_SPECIFIED_SUBSTANTIVE_SCALE"
"VCF0809",2016,3,"UNLABELLED_IN_DTA",509,"IN_SPECIFIED_SUBSTANTIVE_SCALE"
"VCF0809",2016,4,"UNLABELLED_IN_DTA",824,"IN_SPECIFIED_SUBSTANTIVE_SCALE"
"VCF0809",2016,5,"UNLABELLED_IN_DTA",638,"IN_SPECIFIED_SUBSTANTIVE_SCALE"
"VCF0809",2016,6,"UNLABELLED_IN_DTA",611,"IN_SPECIFIED_SUBSTANTIVE_SCALE"
"VCF0809",2016,7,"7. Government let each person get ahead on his own",497,"IN_SPECIFIED_SUBSTANTIVE_SCALE"
"VCF0809",2016,9,"9. DK; haven't thought much about it",485,"OUTSIDE_SPECIFIED_SUBSTANTIVE_SCALE"
"VCF0809",2020,0,"0. NA; no Post IW; form A (1986); version NEW (2008);",28,"OUTSIDE_SPECIFIED_SUBSTANTIVE_SCALE"
"VCF0809",2020,1,"1. Government see to job and good standard of living",922,"IN_SPECIFIED_SUBSTANTIVE_SCALE"
"VCF0809",2020,2,"UNLABELLED_IN_DTA",767,"IN_SPECIFIED_SUBSTANTIVE_SCALE"
"VCF0809",2020,3,"UNLABELLED_IN_DTA",1019,"IN_SPECIFIED_SUBSTANTIVE_SCALE"
"VCF0809",2020,4,"UNLABELLED_IN_DTA",1460,"IN_SPECIFIED_SUBSTANTIVE_SCALE"
"VCF0809",2020,5,"UNLABELLED_IN_DTA",999,"IN_SPECIFIED_SUBSTANTIVE_SCALE"
"VCF0809",2020,6,"UNLABELLED_IN_DTA",958,"IN_SPECIFIED_SUBSTANTIVE_SCALE"
"VCF0809",2020,7,"7. Government let each person get ahead on his own",1197,"IN_SPECIFIED_SUBSTANTIVE_SCALE"
"VCF0809",2020,9,"9. DK; haven't thought much about it",930,"OUTSIDE_SPECIFIED_SUBSTANTIVE_SCALE"
"VCF0809",2024,-1,"UNLABELLED_IN_DTA",245,"OUTSIDE_SPECIFIED_SUBSTANTIVE_SCALE"
"VCF0809",2024,0,"0. NA; no Post IW; form A (1986); version NEW (2008);",14,"OUTSIDE_SPECIFIED_SUBSTANTIVE_SCALE"
"VCF0809",2024,1,"1. Government see to job and good standard of living",671,"IN_SPECIFIED_SUBSTANTIVE_SCALE"
"VCF0809",2024,2,"UNLABELLED_IN_DTA",461,"IN_SPECIFIED_SUBSTANTIVE_SCALE"
"VCF0809",2024,3,"UNLABELLED_IN_DTA",695,"IN_SPECIFIED_SUBSTANTIVE_SCALE"
"VCF0809",2024,4,"UNLABELLED_IN_DTA",958,"IN_SPECIFIED_SUBSTANTIVE_SCALE"
"VCF0809",2024,5,"UNLABELLED_IN_DTA",672,"IN_SPECIFIED_SUBSTANTIVE_SCALE"
"VCF0809",2024,6,"UNLABELLED_IN_DTA",597,"IN_SPECIFIED_SUBSTANTIVE_SCALE"
"VCF0809",2024,7,"7. Government let each person get ahead on his own",688,"IN_SPECIFIED_SUBSTANTIVE_SCALE"
"VCF0809",2024,9,"9. DK; haven't thought much about it",520,"OUTSIDE_SPECIFIED_SUBSTANTIVE_SCALE"
"VCF0830",2004,0,"0. NA; telephone IW (2000); no Post IW",17,"OUTSIDE_SPECIFIED_SUBSTANTIVE_SCALE"
"VCF0830",2004,1,"1. Government should help minority groups/blacks",95,"IN_SPECIFIED_SUBSTANTIVE_SCALE"
"VCF0830",2004,2,"UNLABELLED_IN_DTA",63,"IN_SPECIFIED_SUBSTANTIVE_SCALE"
"VCF0830",2004,3,"UNLABELLED_IN_DTA",97,"IN_SPECIFIED_SUBSTANTIVE_SCALE"
"VCF0830",2004,4,"UNLABELLED_IN_DTA",275,"IN_SPECIFIED_SUBSTANTIVE_SCALE"
"VCF0830",2004,5,"UNLABELLED_IN_DTA",175,"IN_SPECIFIED_SUBSTANTIVE_SCALE"
"VCF0830",2004,6,"UNLABELLED_IN_DTA",191,"IN_SPECIFIED_SUBSTANTIVE_SCALE"
"VCF0830",2004,7,"7. Minority groups/ blacks should help themselves",177,"IN_SPECIFIED_SUBSTANTIVE_SCALE"
"VCF0830",2004,9,"9. DK; haven't thought much about it",122,"OUTSIDE_SPECIFIED_SUBSTANTIVE_SCALE"
"VCF0830",2008,0,"0. NA; telephone IW (2000); no Post IW",11,"OUTSIDE_SPECIFIED_SUBSTANTIVE_SCALE"
"VCF0830",2008,1,"1. Government should help minority groups/blacks",236,"IN_SPECIFIED_SUBSTANTIVE_SCALE"
"VCF0830",2008,2,"UNLABELLED_IN_DTA",114,"IN_SPECIFIED_SUBSTANTIVE_SCALE"
"VCF0830",2008,3,"UNLABELLED_IN_DTA",165,"IN_SPECIFIED_SUBSTANTIVE_SCALE"
"VCF0830",2008,4,"UNLABELLED_IN_DTA",463,"IN_SPECIFIED_SUBSTANTIVE_SCALE"
"VCF0830",2008,5,"UNLABELLED_IN_DTA",246,"IN_SPECIFIED_SUBSTANTIVE_SCALE"
"VCF0830",2008,6,"UNLABELLED_IN_DTA",261,"IN_SPECIFIED_SUBSTANTIVE_SCALE"
"VCF0830",2008,7,"7. Minority groups/ blacks should help themselves",438,"IN_SPECIFIED_SUBSTANTIVE_SCALE"
"VCF0830",2008,9,"9. DK; haven't thought much about it",388,"OUTSIDE_SPECIFIED_SUBSTANTIVE_SCALE"
"VCF0830",2012,0,"0. NA; telephone IW (2000); no Post IW",31,"OUTSIDE_SPECIFIED_SUBSTANTIVE_SCALE"
"VCF0830",2012,1,"1. Government should help minority groups/blacks",360,"IN_SPECIFIED_SUBSTANTIVE_SCALE"
"VCF0830",2012,2,"UNLABELLED_IN_DTA",269,"IN_SPECIFIED_SUBSTANTIVE_SCALE"
"VCF0830",2012,3,"UNLABELLED_IN_DTA",458,"IN_SPECIFIED_SUBSTANTIVE_SCALE"
"VCF0830",2012,4,"UNLABELLED_IN_DTA",1321,"IN_SPECIFIED_SUBSTANTIVE_SCALE"
"VCF0830",2012,5,"UNLABELLED_IN_DTA",670,"IN_SPECIFIED_SUBSTANTIVE_SCALE"
"VCF0830",2012,6,"UNLABELLED_IN_DTA",857,"IN_SPECIFIED_SUBSTANTIVE_SCALE"
"VCF0830",2012,7,"7. Minority groups/ blacks should help themselves",1253,"IN_SPECIFIED_SUBSTANTIVE_SCALE"
"VCF0830",2012,9,"9. DK; haven't thought much about it",695,"OUTSIDE_SPECIFIED_SUBSTANTIVE_SCALE"
"VCF0830",2016,0,"0. NA; telephone IW (2000); no Post IW",17,"OUTSIDE_SPECIFIED_SUBSTANTIVE_SCALE"
"VCF0830",2016,1,"1. Government should help minority groups/blacks",370,"IN_SPECIFIED_SUBSTANTIVE_SCALE"
"VCF0830",2016,2,"UNLABELLED_IN_DTA",322,"IN_SPECIFIED_SUBSTANTIVE_SCALE"
"VCF0830",2016,3,"UNLABELLED_IN_DTA",398,"IN_SPECIFIED_SUBSTANTIVE_SCALE"
"VCF0830",2016,4,"UNLABELLED_IN_DTA",874,"IN_SPECIFIED_SUBSTANTIVE_SCALE"
"VCF0830",2016,5,"UNLABELLED_IN_DTA",478,"IN_SPECIFIED_SUBSTANTIVE_SCALE"
"VCF0830",2016,6,"UNLABELLED_IN_DTA",573,"IN_SPECIFIED_SUBSTANTIVE_SCALE"
"VCF0830",2016,7,"7. Minority groups/ blacks should help themselves",738,"IN_SPECIFIED_SUBSTANTIVE_SCALE"
"VCF0830",2016,9,"9. DK; haven't thought much about it",500,"OUTSIDE_SPECIFIED_SUBSTANTIVE_SCALE"
"VCF0830",2020,0,"0. NA; telephone IW (2000); no Post IW",43,"OUTSIDE_SPECIFIED_SUBSTANTIVE_SCALE"
"VCF0830",2020,1,"1. Government should help minority groups/blacks",1397,"IN_SPECIFIED_SUBSTANTIVE_SCALE"
"VCF0830",2020,2,"UNLABELLED_IN_DTA",910,"IN_SPECIFIED_SUBSTANTIVE_SCALE"
"VCF0830",2020,3,"UNLABELLED_IN_DTA",980,"IN_SPECIFIED_SUBSTANTIVE_SCALE"
"VCF0830",2020,4,"UNLABELLED_IN_DTA",1586,"IN_SPECIFIED_SUBSTANTIVE_SCALE"
"VCF0830",2020,5,"UNLABELLED_IN_DTA",778,"IN_SPECIFIED_SUBSTANTIVE_SCALE"
"VCF0830",2020,6,"UNLABELLED_IN_DTA",681,"IN_SPECIFIED_SUBSTANTIVE_SCALE"
"VCF0830",2020,7,"7. Minority groups/ blacks should help themselves",1071,"IN_SPECIFIED_SUBSTANTIVE_SCALE"
"VCF0830",2020,9,"9. DK; haven't thought much about it",834,"OUTSIDE_SPECIFIED_SUBSTANTIVE_SCALE"
"VCF0830",2024,0,"0. NA; telephone IW (2000); no Post IW",105,"OUTSIDE_SPECIFIED_SUBSTANTIVE_SCALE"
"VCF0830",2024,1,"1. Government should help minority groups/blacks",726,"IN_SPECIFIED_SUBSTANTIVE_SCALE"
"VCF0830",2024,2,"UNLABELLED_IN_DTA",528,"IN_SPECIFIED_SUBSTANTIVE_SCALE"
"VCF0830",2024,3,"UNLABELLED_IN_DTA",648,"IN_SPECIFIED_SUBSTANTIVE_SCALE"
"VCF0830",2024,4,"UNLABELLED_IN_DTA",1132,"IN_SPECIFIED_SUBSTANTIVE_SCALE"
"VCF0830",2024,5,"UNLABELLED_IN_DTA",521,"IN_SPECIFIED_SUBSTANTIVE_SCALE"
"VCF0830",2024,6,"UNLABELLED_IN_DTA",495,"IN_SPECIFIED_SUBSTANTIVE_SCALE"
"VCF0830",2024,7,"7. Minority groups/ blacks should help themselves",732,"IN_SPECIFIED_SUBSTANTIVE_SCALE"
"VCF0830",2024,9,"9. DK; haven't thought much about it",634,"OUTSIDE_SPECIFIED_SUBSTANTIVE_SCALE"
"VCF0838",2004,0,"0. NA; no Post IW; version NEW (2008)",151,"OUTSIDE_SPECIFIED_SUBSTANTIVE_SCALE"
"VCF0838",2004,1,"1. By law, abortion should never be permitted",139,"IN_SPECIFIED_SUBSTANTIVE_SCALE"
"VCF0838",2004,2,"2. The law should permit abortion only in case of rape,",332,"IN_SPECIFIED_SUBSTANTIVE_SCALE"
"VCF0838",2004,3,"3. The law should permit abortion for reasons other than",185,"IN_SPECIFIED_SUBSTANTIVE_SCALE"
"VCF0838",2004,4,"4. By law, a woman should always be able to obtain an",391,"IN_SPECIFIED_SUBSTANTIVE_SCALE"
"VCF0838",2004,9,"9. DK; other",14,"OUTSIDE_SPECIFIED_SUBSTANTIVE_SCALE"
"VCF0838",2008,0,"0. NA; no Post IW; version NEW (2008)",1283,"OUTSIDE_SPECIFIED_SUBSTANTIVE_SCALE"
"VCF0838",2008,1,"1. By law, abortion should never be permitted",160,"IN_SPECIFIED_SUBSTANTIVE_SCALE"
"VCF0838",2008,2,"2. The law should permit abortion only in case of rape,",296,"IN_SPECIFIED_SUBSTANTIVE_SCALE"
"VCF0838",2008,3,"3. The law should permit abortion for reasons other than",160,"IN_SPECIFIED_SUBSTANTIVE_SCALE"
"VCF0838",2008,4,"4. By law, a woman should always be able to obtain an",415,"IN_SPECIFIED_SUBSTANTIVE_SCALE"
"VCF0838",2008,9,"9. DK; other",8,"OUTSIDE_SPECIFIED_SUBSTANTIVE_SCALE"
"VCF0838",2012,0,"0. NA; no Post IW; version NEW (2008)",33,"OUTSIDE_SPECIFIED_SUBSTANTIVE_SCALE"
"VCF0838",2012,1,"1. By law, abortion should never be permitted",672,"IN_SPECIFIED_SUBSTANTIVE_SCALE"
"VCF0838",2012,2,"2. The law should permit abortion only in case of rape,",1607,"IN_SPECIFIED_SUBSTANTIVE_SCALE"
"VCF0838",2012,3,"3. The law should permit abortion for reasons other than",898,"IN_SPECIFIED_SUBSTANTIVE_SCALE"
"VCF0838",2012,4,"4. By law, a woman should always be able to obtain an",2678,"IN_SPECIFIED_SUBSTANTIVE_SCALE"
"VCF0838",2012,9,"9. DK; other",26,"OUTSIDE_SPECIFIED_SUBSTANTIVE_SCALE"
"VCF0838",2016,0,"0. NA; no Post IW; version NEW (2008)",48,"OUTSIDE_SPECIFIED_SUBSTANTIVE_SCALE"
"VCF0838",2016,1,"1. By law, abortion should never be permitted",544,"IN_SPECIFIED_SUBSTANTIVE_SCALE"
"VCF0838",2016,2,"2. The law should permit abortion only in case of rape,",1115,"IN_SPECIFIED_SUBSTANTIVE_SCALE"
"VCF0838",2016,3,"3. The law should permit abortion for reasons other than",616,"IN_SPECIFIED_SUBSTANTIVE_SCALE"
"VCF0838",2016,4,"4. By law, a woman should always be able to obtain an",1932,"IN_SPECIFIED_SUBSTANTIVE_SCALE"
"VCF0838",2016,9,"9. DK; other",15,"OUTSIDE_SPECIFIED_SUBSTANTIVE_SCALE"
"VCF0838",2020,0,"0. NA; no Post IW; version NEW (2008)",71,"OUTSIDE_SPECIFIED_SUBSTANTIVE_SCALE"
"VCF0838",2020,1,"1. By law, abortion should never be permitted",870,"IN_SPECIFIED_SUBSTANTIVE_SCALE"
"VCF0838",2020,2,"2. The law should permit abortion only in case of rape,",1916,"IN_SPECIFIED_SUBSTANTIVE_SCALE"
"VCF0838",2020,3,"3. The law should permit abortion for reasons other than",1097,"IN_SPECIFIED_SUBSTANTIVE_SCALE"
"VCF0838",2020,4,"4. By law, a woman should always be able to obtain an",4017,"IN_SPECIFIED_SUBSTANTIVE_SCALE"
"VCF0838",2020,9,"9. DK; other",309,"OUTSIDE_SPECIFIED_SUBSTANTIVE_SCALE"
"VCF0838",2024,0,"0. NA; no Post IW; version NEW (2008)",276,"OUTSIDE_SPECIFIED_SUBSTANTIVE_SCALE"
"VCF0838",2024,1,"1. By law, abortion should never be permitted",293,"IN_SPECIFIED_SUBSTANTIVE_SCALE"
"VCF0838",2024,2,"2. The law should permit abortion only in case of rape,",1166,"IN_SPECIFIED_SUBSTANTIVE_SCALE"
"VCF0838",2024,3,"3. The law should permit abortion for reasons other than",1059,"IN_SPECIFIED_SUBSTANTIVE_SCALE"
"VCF0838",2024,4,"4. By law, a woman should always be able to obtain an",2503,"IN_SPECIFIED_SUBSTANTIVE_SCALE"
"VCF0838",2024,9,"9. DK; other",224,"OUTSIDE_SPECIFIED_SUBSTANTIVE_SCALE"
"VCF0839",2004,1,"1. Government should provide many fewer services: reduce",50,"IN_SPECIFIED_SUBSTANTIVE_SCALE"
"VCF0839",2004,2,"UNLABELLED_IN_DTA",71,"IN_SPECIFIED_SUBSTANTIVE_SCALE"
"VCF0839",2004,3,"UNLABELLED_IN_DTA",124,"IN_SPECIFIED_SUBSTANTIVE_SCALE"
"VCF0839",2004,4,"UNLABELLED_IN_DTA",284,"IN_SPECIFIED_SUBSTANTIVE_SCALE"
"VCF0839",2004,5,"UNLABELLED_IN_DTA",243,"IN_SPECIFIED_SUBSTANTIVE_SCALE"
"VCF0839",2004,6,"UNLABELLED_IN_DTA",145,"IN_SPECIFIED_SUBSTANTIVE_SCALE"
"VCF0839",2004,7,"7. Government should provide many more services: increase",143,"IN_SPECIFIED_SUBSTANTIVE_SCALE"
"VCF0839",2004,9,"9. DK; haven't thought much about it",152,"OUTSIDE_SPECIFIED_SUBSTANTIVE_SCALE"
"VCF0839",2008,0,"0. NA; version NEW (2008); telephone IW (2000)",1169,"OUTSIDE_SPECIFIED_SUBSTANTIVE_SCALE"
"VCF0839",2008,1,"1. Government should provide many fewer services: reduce",53,"IN_SPECIFIED_SUBSTANTIVE_SCALE"
"VCF0839",2008,2,"UNLABELLED_IN_DTA",59,"IN_SPECIFIED_SUBSTANTIVE_SCALE"
"VCF0839",2008,3,"UNLABELLED_IN_DTA",94,"IN_SPECIFIED_SUBSTANTIVE_SCALE"
"VCF0839",2008,4,"UNLABELLED_IN_DTA",231,"IN_SPECIFIED_SUBSTANTIVE_SCALE"
"VCF0839",2008,5,"UNLABELLED_IN_DTA",207,"IN_SPECIFIED_SUBSTANTIVE_SCALE"
"VCF0839",2008,6,"UNLABELLED_IN_DTA",135,"IN_SPECIFIED_SUBSTANTIVE_SCALE"
"VCF0839",2008,7,"7. Government should provide many more services: increase",174,"IN_SPECIFIED_SUBSTANTIVE_SCALE"
"VCF0839",2008,9,"9. DK; haven't thought much about it",200,"OUTSIDE_SPECIFIED_SUBSTANTIVE_SCALE"
"VCF0839",2012,0,"0. NA; version NEW (2008); telephone IW (2000)",4,"OUTSIDE_SPECIFIED_SUBSTANTIVE_SCALE"
"VCF0839",2012,1,"1. Government should provide many fewer services: reduce",449,"IN_SPECIFIED_SUBSTANTIVE_SCALE"
"VCF0839",2012,2,"UNLABELLED_IN_DTA",729,"IN_SPECIFIED_SUBSTANTIVE_SCALE"
"VCF0839",2012,3,"UNLABELLED_IN_DTA",874,"IN_SPECIFIED_SUBSTANTIVE_SCALE"
"VCF0839",2012,4,"UNLABELLED_IN_DTA",1362,"IN_SPECIFIED_SUBSTANTIVE_SCALE"
"VCF0839",2012,5,"UNLABELLED_IN_DTA",976,"IN_SPECIFIED_SUBSTANTIVE_SCALE"
"VCF0839",2012,6,"UNLABELLED_IN_DTA",461,"IN_SPECIFIED_SUBSTANTIVE_SCALE"
"VCF0839",2012,7,"7. Government should provide many more services: increase",390,"IN_SPECIFIED_SUBSTANTIVE_SCALE"
"VCF0839",2012,9,"9. DK; haven't thought much about it",669,"OUTSIDE_SPECIFIED_SUBSTANTIVE_SCALE"
"VCF0839",2016,0,"0. NA; version NEW (2008); telephone IW (2000)",13,"OUTSIDE_SPECIFIED_SUBSTANTIVE_SCALE"
"VCF0839",2016,1,"1. Government should provide many fewer services: reduce",378,"IN_SPECIFIED_SUBSTANTIVE_SCALE"
"VCF0839",2016,2,"UNLABELLED_IN_DTA",445,"IN_SPECIFIED_SUBSTANTIVE_SCALE"
"VCF0839",2016,3,"UNLABELLED_IN_DTA",598,"IN_SPECIFIED_SUBSTANTIVE_SCALE"
"VCF0839",2016,4,"UNLABELLED_IN_DTA",908,"IN_SPECIFIED_SUBSTANTIVE_SCALE"
"VCF0839",2016,5,"UNLABELLED_IN_DTA",637,"IN_SPECIFIED_SUBSTANTIVE_SCALE"
"VCF0839",2016,6,"UNLABELLED_IN_DTA",366,"IN_SPECIFIED_SUBSTANTIVE_SCALE"
"VCF0839",2016,7,"7. Government should provide many more services: increase",295,"IN_SPECIFIED_SUBSTANTIVE_SCALE"
"VCF0839",2016,9,"9. DK; haven't thought much about it",630,"OUTSIDE_SPECIFIED_SUBSTANTIVE_SCALE"
"VCF0839",2020,0,"0. NA; version NEW (2008); telephone IW (2000)",24,"OUTSIDE_SPECIFIED_SUBSTANTIVE_SCALE"
"VCF0839",2020,1,"1. Government should provide many fewer services: reduce",501,"IN_SPECIFIED_SUBSTANTIVE_SCALE"
"VCF0839",2020,2,"UNLABELLED_IN_DTA",546,"IN_SPECIFIED_SUBSTANTIVE_SCALE"
"VCF0839",2020,3,"UNLABELLED_IN_DTA",823,"IN_SPECIFIED_SUBSTANTIVE_SCALE"
"VCF0839",2020,4,"UNLABELLED_IN_DTA",1514,"IN_SPECIFIED_SUBSTANTIVE_SCALE"
"VCF0839",2020,5,"UNLABELLED_IN_DTA",1358,"IN_SPECIFIED_SUBSTANTIVE_SCALE"
"VCF0839",2020,6,"UNLABELLED_IN_DTA",983,"IN_SPECIFIED_SUBSTANTIVE_SCALE"
"VCF0839",2020,7,"7. Government should provide many more services: increase",1342,"IN_SPECIFIED_SUBSTANTIVE_SCALE"
"VCF0839",2020,9,"9. DK; haven't thought much about it",1189,"OUTSIDE_SPECIFIED_SUBSTANTIVE_SCALE"
"VCF0839",2024,0,"0. NA; version NEW (2008); telephone IW (2000)",78,"OUTSIDE_SPECIFIED_SUBSTANTIVE_SCALE"
"VCF0839",2024,1,"1. Government should provide many fewer services: reduce",349,"IN_SPECIFIED_SUBSTANTIVE_SCALE"
"VCF0839",2024,2,"UNLABELLED_IN_DTA",351,"IN_SPECIFIED_SUBSTANTIVE_SCALE"
"VCF0839",2024,3,"UNLABELLED_IN_DTA",609,"IN_SPECIFIED_SUBSTANTIVE_SCALE"
"VCF0839",2024,4,"UNLABELLED_IN_DTA",991,"IN_SPECIFIED_SUBSTANTIVE_SCALE"
"VCF0839",2024,5,"UNLABELLED_IN_DTA",941,"IN_SPECIFIED_SUBSTANTIVE_SCALE"
"VCF0839",2024,6,"UNLABELLED_IN_DTA",577,"IN_SPECIFIED_SUBSTANTIVE_SCALE"
"VCF0839",2024,7,"7. Government should provide many more services: increase",933,"IN_SPECIFIED_SUBSTANTIVE_SCALE"
"VCF0839",2024,9,"9. DK; haven't thought much about it",692,"OUTSIDE_SPECIFIED_SUBSTANTIVE_SCALE"
"VCF0843",2004,1,"1. Greatly decrease defense spending",43,"IN_SPECIFIED_SUBSTANTIVE_SCALE"
"VCF0843",2004,2,"UNLABELLED_IN_DTA",58,"IN_SPECIFIED_SUBSTANTIVE_SCALE"
"VCF0843",2004,3,"UNLABELLED_IN_DTA",102,"IN_SPECIFIED_SUBSTANTIVE_SCALE"
"VCF0843",2004,4,"UNLABELLED_IN_DTA",287,"IN_SPECIFIED_SUBSTANTIVE_SCALE"
"VCF0843",2004,5,"UNLABELLED_IN_DTA",300,"IN_SPECIFIED_SUBSTANTIVE_SCALE"
"VCF0843",2004,6,"UNLABELLED_IN_DTA",158,"IN_SPECIFIED_SUBSTANTIVE_SCALE"
"VCF0843",2004,7,"7. Greatly increase defense spending",113,"IN_SPECIFIED_SUBSTANTIVE_SCALE"
"VCF0843",2004,9,"9. DK; haven't thought much about it",151,"OUTSIDE_SPECIFIED_SUBSTANTIVE_SCALE"
"VCF0843",2008,0,"0. NA; version NEW (2008); telephone IW (2000)",1169,"OUTSIDE_SPECIFIED_SUBSTANTIVE_SCALE"
"VCF0843",2008,1,"1. Greatly decrease defense spending",102,"IN_SPECIFIED_SUBSTANTIVE_SCALE"
"VCF0843",2008,2,"UNLABELLED_IN_DTA",71,"IN_SPECIFIED_SUBSTANTIVE_SCALE"
"VCF0843",2008,3,"UNLABELLED_IN_DTA",120,"IN_SPECIFIED_SUBSTANTIVE_SCALE"
"VCF0843",2008,4,"UNLABELLED_IN_DTA",255,"IN_SPECIFIED_SUBSTANTIVE_SCALE"
"VCF0843",2008,5,"UNLABELLED_IN_DTA",200,"IN_SPECIFIED_SUBSTANTIVE_SCALE"
"VCF0843",2008,6,"UNLABELLED_IN_DTA",117,"IN_SPECIFIED_SUBSTANTIVE_SCALE"
"VCF0843",2008,7,"7. Greatly increase defense spending",98,"IN_SPECIFIED_SUBSTANTIVE_SCALE"
"VCF0843",2008,9,"9. DK; haven't thought much about it",190,"OUTSIDE_SPECIFIED_SUBSTANTIVE_SCALE"
"VCF0843",2012,,"SYSTEM_MISSING",5914,"SYSTEM_MISSING"
"VCF0843",2016,0,"0. NA; version NEW (2008); telephone IW (2000)",16,"OUTSIDE_SPECIFIED_SUBSTANTIVE_SCALE"
"VCF0843",2016,1,"1. Greatly decrease defense spending",184,"IN_SPECIFIED_SUBSTANTIVE_SCALE"
"VCF0843",2016,2,"UNLABELLED_IN_DTA",249,"IN_SPECIFIED_SUBSTANTIVE_SCALE"
"VCF0843",2016,3,"UNLABELLED_IN_DTA",411,"IN_SPECIFIED_SUBSTANTIVE_SCALE"
"VCF0843",2016,4,"UNLABELLED_IN_DTA",1008,"IN_SPECIFIED_SUBSTANTIVE_SCALE"
"VCF0843",2016,5,"UNLABELLED_IN_DTA",787,"IN_SPECIFIED_SUBSTANTIVE_SCALE"
"VCF0843",2016,6,"UNLABELLED_IN_DTA",594,"IN_SPECIFIED_SUBSTANTIVE_SCALE"
"VCF0843",2016,7,"7. Greatly increase defense spending",450,"IN_SPECIFIED_SUBSTANTIVE_SCALE"
"VCF0843",2016,9,"9. DK; haven't thought much about it",571,"OUTSIDE_SPECIFIED_SUBSTANTIVE_SCALE"
"VCF0843",2020,0,"0. NA; version NEW (2008); telephone IW (2000)",27,"OUTSIDE_SPECIFIED_SUBSTANTIVE_SCALE"
"VCF0843",2020,1,"1. Greatly decrease defense spending",655,"IN_SPECIFIED_SUBSTANTIVE_SCALE"
"VCF0843",2020,2,"UNLABELLED_IN_DTA",571,"IN_SPECIFIED_SUBSTANTIVE_SCALE"
"VCF0843",2020,3,"UNLABELLED_IN_DTA",886,"IN_SPECIFIED_SUBSTANTIVE_SCALE"
"VCF0843",2020,4,"UNLABELLED_IN_DTA",1749,"IN_SPECIFIED_SUBSTANTIVE_SCALE"
"VCF0843",2020,5,"UNLABELLED_IN_DTA",1357,"IN_SPECIFIED_SUBSTANTIVE_SCALE"
"VCF0843",2020,6,"UNLABELLED_IN_DTA",1082,"IN_SPECIFIED_SUBSTANTIVE_SCALE"
"VCF0843",2020,7,"7. Greatly increase defense spending",838,"IN_SPECIFIED_SUBSTANTIVE_SCALE"
"VCF0843",2020,9,"9. DK; haven't thought much about it",1115,"OUTSIDE_SPECIFIED_SUBSTANTIVE_SCALE"
"VCF0843",2024,-1,"UNLABELLED_IN_DTA",245,"OUTSIDE_SPECIFIED_SUBSTANTIVE_SCALE"
"VCF0843",2024,0,"0. NA; version NEW (2008); telephone IW (2000)",18,"OUTSIDE_SPECIFIED_SUBSTANTIVE_SCALE"
"VCF0843",2024,1,"1. Greatly decrease defense spending",343,"IN_SPECIFIED_SUBSTANTIVE_SCALE"
"VCF0843",2024,2,"UNLABELLED_IN_DTA",263,"IN_SPECIFIED_SUBSTANTIVE_SCALE"
"VCF0843",2024,3,"UNLABELLED_IN_DTA",484,"IN_SPECIFIED_SUBSTANTIVE_SCALE"
"VCF0843",2024,4,"UNLABELLED_IN_DTA",1160,"IN_SPECIFIED_SUBSTANTIVE_SCALE"
"VCF0843",2024,5,"UNLABELLED_IN_DTA",964,"IN_SPECIFIED_SUBSTANTIVE_SCALE"
"VCF0843",2024,6,"UNLABELLED_IN_DTA",666,"IN_SPECIFIED_SUBSTANTIVE_SCALE"
"VCF0843",2024,7,"7. Greatly increase defense spending",707,"IN_SPECIFIED_SUBSTANTIVE_SCALE"
"VCF0843",2024,9,"9. DK; haven't thought much about it",671,"OUTSIDE_SPECIFIED_SUBSTANTIVE_SCALE"
"VCF0888",2004,1,"1.   Increased",804,"IN_SPECIFIED_SUBSTANTIVE_SCALE"
"VCF0888",2004,2,"2.   Same",352,"IN_SPECIFIED_SUBSTANTIVE_SCALE"
"VCF0888",2004,3,"3.   Decreased (before 2012: or cut out entirely)",42,"IN_SPECIFIED_SUBSTANTIVE_SCALE"
"VCF0888",2004,9,"9.   NA; no Post IW; abbrev. telephone IW (1984)",14,"OUTSIDE_SPECIFIED_SUBSTANTIVE_SCALE"
"VCF0888",2008,1,"1.   Increased",1575,"IN_SPECIFIED_SUBSTANTIVE_SCALE"
"VCF0888",2008,2,"2.   Same",607,"IN_SPECIFIED_SUBSTANTIVE_SCALE"
"VCF0888",2008,3,"3.   Decreased (before 2012: or cut out entirely)",108,"IN_SPECIFIED_SUBSTANTIVE_SCALE"
"VCF0888",2008,8,"8.   DK",29,"OUTSIDE_SPECIFIED_SUBSTANTIVE_SCALE"
"VCF0888",2008,9,"9.   NA; no Post IW; abbrev. telephone IW (1984)",3,"OUTSIDE_SPECIFIED_SUBSTANTIVE_SCALE"
"VCF0888",2012,1,"1.   Increased",3145,"IN_SPECIFIED_SUBSTANTIVE_SCALE"
"VCF0888",2012,2,"2.   Same",2226,"IN_SPECIFIED_SUBSTANTIVE_SCALE"
"VCF0888",2012,3,"3.   Decreased (before 2012: or cut out entirely)",490,"IN_SPECIFIED_SUBSTANTIVE_SCALE"
"VCF0888",2012,8,"8.   DK",38,"OUTSIDE_SPECIFIED_SUBSTANTIVE_SCALE"
"VCF0888",2012,9,"9.   NA; no Post IW; abbrev. telephone IW (1984)",15,"OUTSIDE_SPECIFIED_SUBSTANTIVE_SCALE"
"VCF0888",2016,1,"1.   Increased",2691,"IN_SPECIFIED_SUBSTANTIVE_SCALE"
"VCF0888",2016,2,"2.   Same",1215,"IN_SPECIFIED_SUBSTANTIVE_SCALE"
"VCF0888",2016,3,"3.   Decreased (before 2012: or cut out entirely)",341,"IN_SPECIFIED_SUBSTANTIVE_SCALE"
"VCF0888",2016,8,"8.   DK",9,"OUTSIDE_SPECIFIED_SUBSTANTIVE_SCALE"
"VCF0888",2016,9,"9.   NA; no Post IW; abbrev. telephone IW (1984)",14,"OUTSIDE_SPECIFIED_SUBSTANTIVE_SCALE"
"VCF0888",2020,1,"1.   Increased",4457,"IN_SPECIFIED_SUBSTANTIVE_SCALE"
"VCF0888",2020,2,"2.   Same",2825,"IN_SPECIFIED_SUBSTANTIVE_SCALE"
"VCF0888",2020,3,"3.   Decreased (before 2012: or cut out entirely)",945,"IN_SPECIFIED_SUBSTANTIVE_SCALE"
"VCF0888",2020,8,"8.   DK",15,"OUTSIDE_SPECIFIED_SUBSTANTIVE_SCALE"
"VCF0888",2020,9,"9.   NA; no Post IW; abbrev. telephone IW (1984)",38,"OUTSIDE_SPECIFIED_SUBSTANTIVE_SCALE"
"VCF0888",2024,1,"1.   Increased",3400,"IN_SPECIFIED_SUBSTANTIVE_SCALE"
"VCF0888",2024,2,"2.   Same",1535,"IN_SPECIFIED_SUBSTANTIVE_SCALE"
"VCF0888",2024,3,"3.   Decreased (before 2012: or cut out entirely)",311,"IN_SPECIFIED_SUBSTANTIVE_SCALE"
"VCF0888",2024,8,"8.   DK",5,"OUTSIDE_SPECIFIED_SUBSTANTIVE_SCALE"
"VCF0888",2024,9,"9.   NA; no Post IW; abbrev. telephone IW (1984)",25,"OUTSIDE_SPECIFIED_SUBSTANTIVE_SCALE"
"VCF0888",2024,,"SYSTEM_MISSING",245,"SYSTEM_MISSING"
"VCF0890",2004,1,"1.   Increased",915,"IN_SPECIFIED_SUBSTANTIVE_SCALE"
"VCF0890",2004,2,"2.   Same",233,"IN_SPECIFIED_SUBSTANTIVE_SCALE"
"VCF0890",2004,3,"3.   Decreased (before 2012: or cut out entirely)",53,"IN_SPECIFIED_SUBSTANTIVE_SCALE"
"VCF0890",2004,9,"9.   NA; no Post IW; abbrev. telephone IW (1984)",11,"OUTSIDE_SPECIFIED_SUBSTANTIVE_SCALE"
"VCF0890",2008,1,"1.   Increased",1814,"IN_SPECIFIED_SUBSTANTIVE_SCALE"
"VCF0890",2008,2,"2.   Same",390,"IN_SPECIFIED_SUBSTANTIVE_SCALE"
"VCF0890",2008,3,"3.   Decreased (before 2012: or cut out entirely)",91,"IN_SPECIFIED_SUBSTANTIVE_SCALE"
"VCF0890",2008,8,"8.   DK",25,"OUTSIDE_SPECIFIED_SUBSTANTIVE_SCALE"
"VCF0890",2008,9,"9.   NA; no Post IW; abbrev. telephone IW (1984)",2,"OUTSIDE_SPECIFIED_SUBSTANTIVE_SCALE"
"VCF0890",2012,1,"1.   Increased",3785,"IN_SPECIFIED_SUBSTANTIVE_SCALE"
"VCF0890",2012,2,"2.   Same",1507,"IN_SPECIFIED_SUBSTANTIVE_SCALE"
"VCF0890",2012,3,"3.   Decreased (before 2012: or cut out entirely)",589,"IN_SPECIFIED_SUBSTANTIVE_SCALE"
"VCF0890",2012,8,"8.   DK",21,"OUTSIDE_SPECIFIED_SUBSTANTIVE_SCALE"
"VCF0890",2012,9,"9.   NA; no Post IW; abbrev. telephone IW (1984)",12,"OUTSIDE_SPECIFIED_SUBSTANTIVE_SCALE"
"VCF0890",2016,1,"1.   Increased",2961,"IN_SPECIFIED_SUBSTANTIVE_SCALE"
"VCF0890",2016,2,"2.   Same",960,"IN_SPECIFIED_SUBSTANTIVE_SCALE"
"VCF0890",2016,3,"3.   Decreased (before 2012: or cut out entirely)",326,"IN_SPECIFIED_SUBSTANTIVE_SCALE"
"VCF0890",2016,8,"8.   DK",9,"OUTSIDE_SPECIFIED_SUBSTANTIVE_SCALE"
"VCF0890",2016,9,"9.   NA; no Post IW; abbrev. telephone IW (1984)",14,"OUTSIDE_SPECIFIED_SUBSTANTIVE_SCALE"
"VCF0890",2020,1,"1.   Increased",5543,"IN_SPECIFIED_SUBSTANTIVE_SCALE"
"VCF0890",2020,2,"2.   Same",2176,"IN_SPECIFIED_SUBSTANTIVE_SCALE"
"VCF0890",2020,3,"3.   Decreased (before 2012: or cut out entirely)",532,"IN_SPECIFIED_SUBSTANTIVE_SCALE"
"VCF0890",2020,8,"8.   DK",4,"OUTSIDE_SPECIFIED_SUBSTANTIVE_SCALE"
"VCF0890",2020,9,"9.   NA; no Post IW; abbrev. telephone IW (1984)",25,"OUTSIDE_SPECIFIED_SUBSTANTIVE_SCALE"
"VCF0890",2024,1,"1.   Increased",3597,"IN_SPECIFIED_SUBSTANTIVE_SCALE"
"VCF0890",2024,2,"2.   Same",1205,"IN_SPECIFIED_SUBSTANTIVE_SCALE"
"VCF0890",2024,3,"3.   Decreased (before 2012: or cut out entirely)",448,"IN_SPECIFIED_SUBSTANTIVE_SCALE"
"VCF0890",2024,8,"8.   DK",9,"OUTSIDE_SPECIFIED_SUBSTANTIVE_SCALE"
"VCF0890",2024,9,"9.   NA; no Post IW; abbrev. telephone IW (1984)",17,"OUTSIDE_SPECIFIED_SUBSTANTIVE_SCALE"
"VCF0890",2024,,"SYSTEM_MISSING",245,"SYSTEM_MISSING"
"VCF0894",2004,1,"1.   Increased",275,"IN_SPECIFIED_SUBSTANTIVE_SCALE"
"VCF0894",2004,2,"2.   Same",537,"IN_SPECIFIED_SUBSTANTIVE_SCALE"
"VCF0894",2004,3,"3.   Decreased (before 2012: or cut out entirely)",378,"IN_SPECIFIED_SUBSTANTIVE_SCALE"
"VCF0894",2004,9,"9.   NA; no Post IW; abbrev. telephone IW (1984)",22,"OUTSIDE_SPECIFIED_SUBSTANTIVE_SCALE"
"VCF0894",2008,1,"1.   Increased",704,"IN_SPECIFIED_SUBSTANTIVE_SCALE"
"VCF0894",2008,2,"2.   Same",965,"IN_SPECIFIED_SUBSTANTIVE_SCALE"
"VCF0894",2008,3,"3.   Decreased (before 2012: or cut out entirely)",606,"IN_SPECIFIED_SUBSTANTIVE_SCALE"
"VCF0894",2008,8,"8.   DK",41,"OUTSIDE_SPECIFIED_SUBSTANTIVE_SCALE"
"VCF0894",2008,9,"9.   NA; no Post IW; abbrev. telephone IW (1984)",6,"OUTSIDE_SPECIFIED_SUBSTANTIVE_SCALE"
"VCF0894",2012,1,"1.   Increased",916,"IN_SPECIFIED_SUBSTANTIVE_SCALE"
"VCF0894",2012,2,"2.   Same",2401,"IN_SPECIFIED_SUBSTANTIVE_SCALE"
"VCF0894",2012,3,"3.   Decreased (before 2012: or cut out entirely)",2531,"IN_SPECIFIED_SUBSTANTIVE_SCALE"
"VCF0894",2012,8,"8.   DK",51,"OUTSIDE_SPECIFIED_SUBSTANTIVE_SCALE"
"VCF0894",2012,9,"9.   NA; no Post IW; abbrev. telephone IW (1984)",15,"OUTSIDE_SPECIFIED_SUBSTANTIVE_SCALE"
"VCF0894",2016,1,"1.   Increased",767,"IN_SPECIFIED_SUBSTANTIVE_SCALE"
"VCF0894",2016,2,"2.   Same",1477,"IN_SPECIFIED_SUBSTANTIVE_SCALE"
"VCF0894",2016,3,"3.   Decreased (before 2012: or cut out entirely)",1984,"IN_SPECIFIED_SUBSTANTIVE_SCALE"
"VCF0894",2016,8,"8.   DK",22,"OUTSIDE_SPECIFIED_SUBSTANTIVE_SCALE"
"VCF0894",2016,9,"9.   NA; no Post IW; abbrev. telephone IW (1984)",20,"OUTSIDE_SPECIFIED_SUBSTANTIVE_SCALE"
"VCF0894",2020,1,"1.   Increased",2385,"IN_SPECIFIED_SUBSTANTIVE_SCALE"
"VCF0894",2020,2,"2.   Same",3522,"IN_SPECIFIED_SUBSTANTIVE_SCALE"
"VCF0894",2020,3,"3.   Decreased (before 2012: or cut out entirely)",2316,"IN_SPECIFIED_SUBSTANTIVE_SCALE"
"VCF0894",2020,8,"8.   DK",9,"OUTSIDE_SPECIFIED_SUBSTANTIVE_SCALE"
"VCF0894",2020,9,"9.   NA; no Post IW; abbrev. telephone IW (1984)",48,"OUTSIDE_SPECIFIED_SUBSTANTIVE_SCALE"
"VCF0894",2024,1,"1.   Increased",1661,"IN_SPECIFIED_SUBSTANTIVE_SCALE"
"VCF0894",2024,2,"2.   Same",2089,"IN_SPECIFIED_SUBSTANTIVE_SCALE"
"VCF0894",2024,3,"3.   Decreased (before 2012: or cut out entirely)",1473,"IN_SPECIFIED_SUBSTANTIVE_SCALE"
"VCF0894",2024,8,"8.   DK",30,"OUTSIDE_SPECIFIED_SUBSTANTIVE_SCALE"
"VCF0894",2024,9,"9.   NA; no Post IW; abbrev. telephone IW (1984)",23,"OUTSIDE_SPECIFIED_SUBSTANTIVE_SCALE"
"VCF0894",2024,,"SYSTEM_MISSING",245,"SYSTEM_MISSING"
"VCF9047",2004,,"SYSTEM_MISSING",1212,"SYSTEM_MISSING"
"VCF9047",2008,1,"1. Increased",1523,"IN_SPECIFIED_SUBSTANTIVE_SCALE"
"VCF9047",2008,2,"2. Same",639,"IN_SPECIFIED_SUBSTANTIVE_SCALE"
"VCF9047",2008,3,"3. Decreased",124,"IN_SPECIFIED_SUBSTANTIVE_SCALE"
"VCF9047",2008,7,"7. Cut out entirely (volunteered)",3,"IN_SPECIFIED_SUBSTANTIVE_SCALE"
"VCF9047",2008,8,"8. DK",30,"OUTSIDE_SPECIFIED_SUBSTANTIVE_SCALE"
"VCF9047",2008,9,"9. NA; no Post IW; abbrev. telephone IW (1984)",3,"OUTSIDE_SPECIFIED_SUBSTANTIVE_SCALE"
"VCF9047",2012,1,"1. Increased",2577,"IN_SPECIFIED_SUBSTANTIVE_SCALE"
"VCF9047",2012,2,"2. Same",2353,"IN_SPECIFIED_SUBSTANTIVE_SCALE"
"VCF9047",2012,3,"3. Decreased",952,"IN_SPECIFIED_SUBSTANTIVE_SCALE"
"VCF9047",2012,8,"8. DK",20,"OUTSIDE_SPECIFIED_SUBSTANTIVE_SCALE"
"VCF9047",2012,9,"9. NA; no Post IW; abbrev. telephone IW (1984)",12,"OUTSIDE_SPECIFIED_SUBSTANTIVE_SCALE"
"VCF9047",2016,1,"1. Increased",2264,"IN_SPECIFIED_SUBSTANTIVE_SCALE"
"VCF9047",2016,2,"2. Same",1398,"IN_SPECIFIED_SUBSTANTIVE_SCALE"
"VCF9047",2016,3,"3. Decreased",577,"IN_SPECIFIED_SUBSTANTIVE_SCALE"
"VCF9047",2016,8,"8. DK",12,"OUTSIDE_SPECIFIED_SUBSTANTIVE_SCALE"
"VCF9047",2016,9,"9. NA; no Post IW; abbrev. telephone IW (1984)",19,"OUTSIDE_SPECIFIED_SUBSTANTIVE_SCALE"
"VCF9047",2020,1,"1. Increased",4961,"IN_SPECIFIED_SUBSTANTIVE_SCALE"
"VCF9047",2020,2,"2. Same",2654,"IN_SPECIFIED_SUBSTANTIVE_SCALE"
"VCF9047",2020,3,"3. Decreased",639,"IN_SPECIFIED_SUBSTANTIVE_SCALE"
"VCF9047",2020,8,"8. DK",4,"OUTSIDE_SPECIFIED_SUBSTANTIVE_SCALE"
"VCF9047",2020,9,"9. NA; no Post IW; abbrev. telephone IW (1984)",22,"OUTSIDE_SPECIFIED_SUBSTANTIVE_SCALE"
"VCF9047",2024,1,"1. Increased",2982,"IN_SPECIFIED_SUBSTANTIVE_SCALE"
"VCF9047",2024,2,"2. Same",1574,"IN_SPECIFIED_SUBSTANTIVE_SCALE"
"VCF9047",2024,3,"3. Decreased",693,"IN_SPECIFIED_SUBSTANTIVE_SCALE"
"VCF9047",2024,8,"8. DK",8,"OUTSIDE_SPECIFIED_SUBSTANTIVE_SCALE"
"VCF9047",2024,9,"9. NA; no Post IW; abbrev. telephone IW (1984)",19,"OUTSIDE_SPECIFIED_SUBSTANTIVE_SCALE"
"VCF9047",2024,,"SYSTEM_MISSING",245,"SYSTEM_MISSING"
"VCF9049",2004,1,"1. Increased",749,"IN_SPECIFIED_SUBSTANTIVE_SCALE"
"VCF9049",2004,2,"2. Same",396,"IN_SPECIFIED_SUBSTANTIVE_SCALE"
"VCF9049",2004,3,"3. Decreased",43,"IN_SPECIFIED_SUBSTANTIVE_SCALE"
"VCF9049",2004,7,"7. Cut out entirely (volunteered)",3,"IN_SPECIFIED_SUBSTANTIVE_SCALE"
"VCF9049",2004,8,"8. DK",5,"OUTSIDE_SPECIFIED_SUBSTANTIVE_SCALE"
"VCF9049",2004,9,"9. NA; no Post IW (1984); abbrev. telephone IW",16,"OUTSIDE_SPECIFIED_SUBSTANTIVE_SCALE"
"VCF9049",2008,1,"1. Increased",1613,"IN_SPECIFIED_SUBSTANTIVE_SCALE"
"VCF9049",2008,2,"2. Same",599,"IN_SPECIFIED_SUBSTANTIVE_SCALE"
"VCF9049",2008,3,"3. Decreased",58,"IN_SPECIFIED_SUBSTANTIVE_SCALE"
"VCF9049",2008,7,"7. Cut out entirely (volunteered)",10,"IN_SPECIFIED_SUBSTANTIVE_SCALE"
"VCF9049",2008,8,"8. DK",36,"OUTSIDE_SPECIFIED_SUBSTANTIVE_SCALE"
"VCF9049",2008,9,"9. NA; no Post IW (1984); abbrev. telephone IW",6,"OUTSIDE_SPECIFIED_SUBSTANTIVE_SCALE"
"VCF9049",2012,1,"1. Increased",2967,"IN_SPECIFIED_SUBSTANTIVE_SCALE"
"VCF9049",2012,2,"2. Same",2520,"IN_SPECIFIED_SUBSTANTIVE_SCALE"
"VCF9049",2012,3,"3. Decreased",363,"IN_SPECIFIED_SUBSTANTIVE_SCALE"
"VCF9049",2012,8,"8. DK",50,"OUTSIDE_SPECIFIED_SUBSTANTIVE_SCALE"
"VCF9049",2012,9,"9. NA; no Post IW (1984); abbrev. telephone IW",14,"OUTSIDE_SPECIFIED_SUBSTANTIVE_SCALE"
"VCF9049",2016,1,"1. Increased",2497,"IN_SPECIFIED_SUBSTANTIVE_SCALE"
"VCF9049",2016,2,"2. Same",1485,"IN_SPECIFIED_SUBSTANTIVE_SCALE"
"VCF9049",2016,3,"3. Decreased",257,"IN_SPECIFIED_SUBSTANTIVE_SCALE"
"VCF9049",2016,8,"8. DK",14,"OUTSIDE_SPECIFIED_SUBSTANTIVE_SCALE"
"VCF9049",2016,9,"9. NA; no Post IW (1984); abbrev. telephone IW",17,"OUTSIDE_SPECIFIED_SUBSTANTIVE_SCALE"
"VCF9049",2020,1,"1. Increased",4557,"IN_SPECIFIED_SUBSTANTIVE_SCALE"
"VCF9049",2020,2,"2. Same",3351,"IN_SPECIFIED_SUBSTANTIVE_SCALE"
"VCF9049",2020,3,"3. Decreased",332,"IN_SPECIFIED_SUBSTANTIVE_SCALE"
"VCF9049",2020,8,"8. DK",6,"OUTSIDE_SPECIFIED_SUBSTANTIVE_SCALE"
"VCF9049",2020,9,"9. NA; no Post IW (1984); abbrev. telephone IW",34,"OUTSIDE_SPECIFIED_SUBSTANTIVE_SCALE"
"VCF9049",2024,1,"1. Increased",3228,"IN_SPECIFIED_SUBSTANTIVE_SCALE"
"VCF9049",2024,2,"2. Same",1770,"IN_SPECIFIED_SUBSTANTIVE_SCALE"
"VCF9049",2024,3,"3. Decreased",240,"IN_SPECIFIED_SUBSTANTIVE_SCALE"
"VCF9049",2024,8,"8. DK",16,"OUTSIDE_SPECIFIED_SUBSTANTIVE_SCALE"
"VCF9049",2024,9,"9. NA; no Post IW (1984); abbrev. telephone IW",22,"OUTSIDE_SPECIFIED_SUBSTANTIVE_SCALE"
"VCF9049",2024,,"SYSTEM_MISSING",245,"SYSTEM_MISSING"
"VCF0879a",2004,1,"1. Increased",106,"IN_SPECIFIED_SUBSTANTIVE_SCALE"
"VCF0879a",2004,3,"3. Same as now",450,"IN_SPECIFIED_SUBSTANTIVE_SCALE"
"VCF0879a",2004,5,"5. Decreased",491,"IN_SPECIFIED_SUBSTANTIVE_SCALE"
"VCF0879a",2004,8,"8. DK",15,"OUTSIDE_SPECIFIED_SUBSTANTIVE_SCALE"
"VCF0879a",2004,9,"9. NA; no Post IW",150,"OUTSIDE_SPECIFIED_SUBSTANTIVE_SCALE"
"VCF0879a",2008,1,"1. Increased",302,"IN_SPECIFIED_SUBSTANTIVE_SCALE"
"VCF0879a",2008,3,"3. Same as now",868,"IN_SPECIFIED_SUBSTANTIVE_SCALE"
"VCF0879a",2008,5,"5. Decreased",891,"IN_SPECIFIED_SUBSTANTIVE_SCALE"
"VCF0879a",2008,8,"8. DK",35,"OUTSIDE_SPECIFIED_SUBSTANTIVE_SCALE"
"VCF0879a",2008,9,"9. NA; no Post IW",226,"OUTSIDE_SPECIFIED_SUBSTANTIVE_SCALE"
"VCF0879a",2012,1,"1. Increased",772,"IN_SPECIFIED_SUBSTANTIVE_SCALE"
"VCF0879a",2012,3,"3. Same as now",2318,"IN_SPECIFIED_SUBSTANTIVE_SCALE"
"VCF0879a",2012,5,"5. Decreased",2300,"IN_SPECIFIED_SUBSTANTIVE_SCALE"
"VCF0879a",2012,8,"8. DK",78,"OUTSIDE_SPECIFIED_SUBSTANTIVE_SCALE"
"VCF0879a",2012,9,"9. NA; no Post IW",446,"OUTSIDE_SPECIFIED_SUBSTANTIVE_SCALE"
"VCF0879a",2016,1,"1. Increased",585,"IN_SPECIFIED_SUBSTANTIVE_SCALE"
"VCF0879a",2016,3,"3. Same as now",1442,"IN_SPECIFIED_SUBSTANTIVE_SCALE"
"VCF0879a",2016,5,"5. Decreased",1594,"IN_SPECIFIED_SUBSTANTIVE_SCALE"
"VCF0879a",2016,8,"8. DK",13,"OUTSIDE_SPECIFIED_SUBSTANTIVE_SCALE"
"VCF0879a",2016,9,"9. NA; no Post IW",636,"OUTSIDE_SPECIFIED_SUBSTANTIVE_SCALE"
"VCF0879a",2020,1,"1. Increased",2236,"IN_SPECIFIED_SUBSTANTIVE_SCALE"
"VCF0879a",2020,3,"3. Same as now",3077,"IN_SPECIFIED_SUBSTANTIVE_SCALE"
"VCF0879a",2020,5,"5. Decreased",2037,"IN_SPECIFIED_SUBSTANTIVE_SCALE"
"VCF0879a",2020,8,"8. DK",4,"OUTSIDE_SPECIFIED_SUBSTANTIVE_SCALE"
"VCF0879a",2020,9,"9. NA; no Post IW",926,"OUTSIDE_SPECIFIED_SUBSTANTIVE_SCALE"
"VCF0879a",2024,1,"1. Increased",901,"IN_SPECIFIED_SUBSTANTIVE_SCALE"
"VCF0879a",2024,3,"3. Same as now",1832,"IN_SPECIFIED_SUBSTANTIVE_SCALE"
"VCF0879a",2024,5,"5. Decreased",2165,"IN_SPECIFIED_SUBSTANTIVE_SCALE"
"VCF0879a",2024,8,"8. DK",11,"OUTSIDE_SPECIFIED_SUBSTANTIVE_SCALE"
"VCF0879a",2024,9,"9. NA; no Post IW",612,"OUTSIDE_SPECIFIED_SUBSTANTIVE_SCALE"
"VCF9223",2004,-9,"-9. RF; NA; Inap, no Post data",148,"OUTSIDE_SPECIFIED_SUBSTANTIVE_SCALE"
"VCF9223",2004,-8,"-8. DK",5,"OUTSIDE_SPECIFIED_SUBSTANTIVE_SCALE"
"VCF9223",2004,1,"1. Extremely likely",206,"IN_SPECIFIED_SUBSTANTIVE_SCALE"
"VCF9223",2004,2,"2. Very likely",258,"IN_SPECIFIED_SUBSTANTIVE_SCALE"
"VCF9223",2004,3,"3. Somewhat likely",438,"IN_SPECIFIED_SUBSTANTIVE_SCALE"
"VCF9223",2004,4,"4. Not at all likely",157,"IN_SPECIFIED_SUBSTANTIVE_SCALE"
"VCF9223",2008,-9,"-9. RF; NA; Inap, no Post data",222,"OUTSIDE_SPECIFIED_SUBSTANTIVE_SCALE"
"VCF9223",2008,-8,"-8. DK",18,"OUTSIDE_SPECIFIED_SUBSTANTIVE_SCALE"
"VCF9223",2008,1,"1. Extremely likely",426,"IN_SPECIFIED_SUBSTANTIVE_SCALE"
"VCF9223",2008,2,"2. Very likely",518,"IN_SPECIFIED_SUBSTANTIVE_SCALE"
"VCF9223",2008,3,"3. Somewhat likely",807,"IN_SPECIFIED_SUBSTANTIVE_SCALE"
"VCF9223",2008,4,"4. Not at all likely",331,"IN_SPECIFIED_SUBSTANTIVE_SCALE"
"VCF9223",2012,-9,"-9. RF; NA; Inap, no Post data",435,"OUTSIDE_SPECIFIED_SUBSTANTIVE_SCALE"
"VCF9223",2012,-8,"-8. DK",28,"OUTSIDE_SPECIFIED_SUBSTANTIVE_SCALE"
"VCF9223",2012,1,"1. Extremely likely",1025,"IN_SPECIFIED_SUBSTANTIVE_SCALE"
"VCF9223",2012,2,"2. Very likely",1060,"IN_SPECIFIED_SUBSTANTIVE_SCALE"
"VCF9223",2012,3,"3. Somewhat likely",2310,"IN_SPECIFIED_SUBSTANTIVE_SCALE"
"VCF9223",2012,4,"4. Not at all likely",1056,"IN_SPECIFIED_SUBSTANTIVE_SCALE"
"VCF9223",2016,-9,"-9. RF; NA; Inap, no Post data",636,"OUTSIDE_SPECIFIED_SUBSTANTIVE_SCALE"
"VCF9223",2016,-8,"-8. DK",5,"OUTSIDE_SPECIFIED_SUBSTANTIVE_SCALE"
"VCF9223",2016,1,"1. Extremely likely",553,"IN_SPECIFIED_SUBSTANTIVE_SCALE"
"VCF9223",2016,2,"2. Very likely",737,"IN_SPECIFIED_SUBSTANTIVE_SCALE"
"VCF9223",2016,3,"3. Somewhat likely",1474,"IN_SPECIFIED_SUBSTANTIVE_SCALE"
"VCF9223",2016,4,"4. Not at all likely",865,"IN_SPECIFIED_SUBSTANTIVE_SCALE"
"VCF9223",2020,-9,"-9. RF; NA; Inap, no Post data",890,"OUTSIDE_SPECIFIED_SUBSTANTIVE_SCALE"
"VCF9223",2020,-8,"-8. DK",1,"OUTSIDE_SPECIFIED_SUBSTANTIVE_SCALE"
"VCF9223",2020,1,"1. Extremely likely",605,"IN_SPECIFIED_SUBSTANTIVE_SCALE"
"VCF9223",2020,2,"2. Very likely",1182,"IN_SPECIFIED_SUBSTANTIVE_SCALE"
"VCF9223",2020,3,"3. Somewhat likely",2941,"IN_SPECIFIED_SUBSTANTIVE_SCALE"
"VCF9223",2020,4,"4. Not at all likely",2661,"IN_SPECIFIED_SUBSTANTIVE_SCALE"
"VCF9223",2024,-9,"-9. RF; NA; Inap, no Post data",553,"OUTSIDE_SPECIFIED_SUBSTANTIVE_SCALE"
"VCF9223",2024,-8,"-8. DK",1,"OUTSIDE_SPECIFIED_SUBSTANTIVE_SCALE"
"VCF9223",2024,-1,"UNLABELLED_IN_DTA",245,"OUTSIDE_SPECIFIED_SUBSTANTIVE_SCALE"
"VCF9223",2024,1,"1. Extremely likely",702,"IN_SPECIFIED_SUBSTANTIVE_SCALE"
"VCF9223",2024,2,"2. Very likely",801,"IN_SPECIFIED_SUBSTANTIVE_SCALE"
"VCF9223",2024,3,"3. Somewhat likely",1550,"IN_SPECIFIED_SUBSTANTIVE_SCALE"
"VCF9223",2024,4,"4. Not at all likely",1669,"IN_SPECIFIED_SUBSTANTIVE_SCALE"
"VCF0301",2004,0,"0. DK; NA; other; refused to answer; no Pre IW",17,"OUTSIDE_SPECIFIED_SUBSTANTIVE_SCALE"
"VCF0301",2004,1,"1. Strong Democrat",203,"IN_SPECIFIED_SUBSTANTIVE_SCALE"
"VCF0301",2004,2,"2. Weak Democrat",178,"IN_SPECIFIED_SUBSTANTIVE_SCALE"
"VCF0301",2004,3,"3. Independent - Democrat",210,"IN_SPECIFIED_SUBSTANTIVE_SCALE"
"VCF0301",2004,4,"4. Independent - Independent",121,"IN_SPECIFIED_SUBSTANTIVE_SCALE"
"VCF0301",2004,5,"5. Independent - Republican",138,"IN_SPECIFIED_SUBSTANTIVE_SCALE"
"VCF0301",2004,6,"6. Weak Republican",152,"IN_SPECIFIED_SUBSTANTIVE_SCALE"
"VCF0301",2004,7,"7. Strong Republican",193,"IN_SPECIFIED_SUBSTANTIVE_SCALE"
"VCF0301",2008,0,"0. DK; NA; other; refused to answer; no Pre IW",40,"OUTSIDE_SPECIFIED_SUBSTANTIVE_SCALE"
"VCF0301",2008,1,"1. Strong Democrat",580,"IN_SPECIFIED_SUBSTANTIVE_SCALE"
"VCF0301",2008,2,"2. Weak Democrat",393,"IN_SPECIFIED_SUBSTANTIVE_SCALE"
"VCF0301",2008,3,"3. Independent - Democrat",392,"IN_SPECIFIED_SUBSTANTIVE_SCALE"
"VCF0301",2008,4,"4. Independent - Independent",264,"IN_SPECIFIED_SUBSTANTIVE_SCALE"
"VCF0301",2008,5,"5. Independent - Republican",223,"IN_SPECIFIED_SUBSTANTIVE_SCALE"
"VCF0301",2008,6,"6. Weak Republican",200,"IN_SPECIFIED_SUBSTANTIVE_SCALE"
"VCF0301",2008,7,"7. Strong Republican",230,"IN_SPECIFIED_SUBSTANTIVE_SCALE"
"VCF0301",2012,0,"0. DK; NA; other; refused to answer; no Pre IW",24,"OUTSIDE_SPECIFIED_SUBSTANTIVE_SCALE"
"VCF0301",2012,1,"1. Strong Democrat",1485,"IN_SPECIFIED_SUBSTANTIVE_SCALE"
"VCF0301",2012,2,"2. Weak Democrat",871,"IN_SPECIFIED_SUBSTANTIVE_SCALE"
"VCF0301",2012,3,"3. Independent - Democrat",747,"IN_SPECIFIED_SUBSTANTIVE_SCALE"
"VCF0301",2012,4,"4. Independent - Independent",792,"IN_SPECIFIED_SUBSTANTIVE_SCALE"
"VCF0301",2012,5,"5. Independent - Republican",610,"IN_SPECIFIED_SUBSTANTIVE_SCALE"
"VCF0301",2012,6,"6. Weak Republican",623,"IN_SPECIFIED_SUBSTANTIVE_SCALE"
"VCF0301",2012,7,"7. Strong Republican",762,"IN_SPECIFIED_SUBSTANTIVE_SCALE"
"VCF0301",2016,0,"0. DK; NA; other; refused to answer; no Pre IW",23,"OUTSIDE_SPECIFIED_SUBSTANTIVE_SCALE"
"VCF0301",2016,1,"1. Strong Democrat",890,"IN_SPECIFIED_SUBSTANTIVE_SCALE"
"VCF0301",2016,2,"2. Weak Democrat",559,"IN_SPECIFIED_SUBSTANTIVE_SCALE"
"VCF0301",2016,3,"3. Independent - Democrat",490,"IN_SPECIFIED_SUBSTANTIVE_SCALE"
"VCF0301",2016,4,"4. Independent - Independent",579,"IN_SPECIFIED_SUBSTANTIVE_SCALE"
"VCF0301",2016,5,"5. Independent - Republican",500,"IN_SPECIFIED_SUBSTANTIVE_SCALE"
"VCF0301",2016,6,"6. Weak Republican",508,"IN_SPECIFIED_SUBSTANTIVE_SCALE"
"VCF0301",2016,7,"7. Strong Republican",721,"IN_SPECIFIED_SUBSTANTIVE_SCALE"
"VCF0301",2020,0,"0. DK; NA; other; refused to answer; no Pre IW",35,"OUTSIDE_SPECIFIED_SUBSTANTIVE_SCALE"
"VCF0301",2020,1,"1. Strong Democrat",1961,"IN_SPECIFIED_SUBSTANTIVE_SCALE"
"VCF0301",2020,2,"2. Weak Democrat",900,"IN_SPECIFIED_SUBSTANTIVE_SCALE"
"VCF0301",2020,3,"3. Independent - Democrat",975,"IN_SPECIFIED_SUBSTANTIVE_SCALE"
"VCF0301",2020,4,"4. Independent - Independent",968,"IN_SPECIFIED_SUBSTANTIVE_SCALE"
"VCF0301",2020,5,"5. Independent - Republican",879,"IN_SPECIFIED_SUBSTANTIVE_SCALE"
"VCF0301",2020,6,"6. Weak Republican",832,"IN_SPECIFIED_SUBSTANTIVE_SCALE"
"VCF0301",2020,7,"7. Strong Republican",1730,"IN_SPECIFIED_SUBSTANTIVE_SCALE"
"VCF0301",2024,0,"0. DK; NA; other; refused to answer; no Pre IW",38,"OUTSIDE_SPECIFIED_SUBSTANTIVE_SCALE"
"VCF0301",2024,1,"1. Strong Democrat",1314,"IN_SPECIFIED_SUBSTANTIVE_SCALE"
"VCF0301",2024,2,"2. Weak Democrat",616,"IN_SPECIFIED_SUBSTANTIVE_SCALE"
"VCF0301",2024,3,"3. Independent - Democrat",714,"IN_SPECIFIED_SUBSTANTIVE_SCALE"
"VCF0301",2024,4,"4. Independent - Independent",380,"IN_SPECIFIED_SUBSTANTIVE_SCALE"
"VCF0301",2024,5,"5. Independent - Republican",716,"IN_SPECIFIED_SUBSTANTIVE_SCALE"
"VCF0301",2024,6,"6. Weak Republican",577,"IN_SPECIFIED_SUBSTANTIVE_SCALE"
"VCF0301",2024,7,"7. Strong Republican",1166,"IN_SPECIFIED_SUBSTANTIVE_SCALE"
"VCF0803",2004,0,"0. NA; no Post IW; form III,IV (1972); R not",1,"OUTSIDE_SPECIFIED_SUBSTANTIVE_SCALE"
"VCF0803",2004,1,"1. Extremely liberal",27,"IN_SPECIFIED_SUBSTANTIVE_SCALE"
"VCF0803",2004,2,"2. Liberal",112,"IN_SPECIFIED_SUBSTANTIVE_SCALE"
"VCF0803",2004,3,"3. Slightly liberal",102,"IN_SPECIFIED_SUBSTANTIVE_SCALE"
"VCF0803",2004,4,"4. Moderate, middle of the road",297,"IN_SPECIFIED_SUBSTANTIVE_SCALE"
"VCF0803",2004,5,"5. Slightly conservative",145,"IN_SPECIFIED_SUBSTANTIVE_SCALE"
"VCF0803",2004,6,"6. Conservative",201,"IN_SPECIFIED_SUBSTANTIVE_SCALE"
"VCF0803",2004,7,"7. Extremely conservative",36,"IN_SPECIFIED_SUBSTANTIVE_SCALE"
"VCF0803",2004,9,"9. DK; haven't thought much about it",291,"OUTSIDE_SPECIFIED_SUBSTANTIVE_SCALE"
"VCF0803",2008,0,"0. NA; no Post IW; form III,IV (1972); R not",4,"OUTSIDE_SPECIFIED_SUBSTANTIVE_SCALE"
"VCF0803",2008,1,"1. Extremely liberal",70,"IN_SPECIFIED_SUBSTANTIVE_SCALE"
"VCF0803",2008,2,"2. Liberal",230,"IN_SPECIFIED_SUBSTANTIVE_SCALE"
"VCF0803",2008,3,"3. Slightly liberal",188,"IN_SPECIFIED_SUBSTANTIVE_SCALE"
"VCF0803",2008,4,"4. Moderate, middle of the road",514,"IN_SPECIFIED_SUBSTANTIVE_SCALE"
"VCF0803",2008,5,"5. Slightly conservative",238,"IN_SPECIFIED_SUBSTANTIVE_SCALE"
"VCF0803",2008,6,"6. Conservative",311,"IN_SPECIFIED_SUBSTANTIVE_SCALE"
"VCF0803",2008,7,"7. Extremely conservative",75,"IN_SPECIFIED_SUBSTANTIVE_SCALE"
"VCF0803",2008,9,"9. DK; haven't thought much about it",692,"OUTSIDE_SPECIFIED_SUBSTANTIVE_SCALE"
"VCF0803",2012,0,"0. NA; no Post IW; form III,IV (1972); R not",32,"OUTSIDE_SPECIFIED_SUBSTANTIVE_SCALE"
"VCF0803",2012,1,"1. Extremely liberal",195,"IN_SPECIFIED_SUBSTANTIVE_SCALE"
"VCF0803",2012,2,"2. Liberal",638,"IN_SPECIFIED_SUBSTANTIVE_SCALE"
"VCF0803",2012,3,"3. Slightly liberal",641,"IN_SPECIFIED_SUBSTANTIVE_SCALE"
"VCF0803",2012,4,"4. Moderate, middle of the road",1828,"IN_SPECIFIED_SUBSTANTIVE_SCALE"
"VCF0803",2012,5,"5. Slightly conservative",789,"IN_SPECIFIED_SUBSTANTIVE_SCALE"
"VCF0803",2012,6,"6. Conservative",1001,"IN_SPECIFIED_SUBSTANTIVE_SCALE"
"VCF0803",2012,7,"7. Extremely conservative",208,"IN_SPECIFIED_SUBSTANTIVE_SCALE"
"VCF0803",2012,9,"9. DK; haven't thought much about it",582,"OUTSIDE_SPECIFIED_SUBSTANTIVE_SCALE"
"VCF0803",2016,1,"1. Extremely liberal",146,"IN_SPECIFIED_SUBSTANTIVE_SCALE"
"VCF0803",2016,2,"2. Liberal",506,"IN_SPECIFIED_SUBSTANTIVE_SCALE"
"VCF0803",2016,3,"3. Slightly liberal",380,"IN_SPECIFIED_SUBSTANTIVE_SCALE"
"VCF0803",2016,4,"4. Moderate, middle of the road",894,"IN_SPECIFIED_SUBSTANTIVE_SCALE"
"VCF0803",2016,5,"5. Slightly conservative",508,"IN_SPECIFIED_SUBSTANTIVE_SCALE"
"VCF0803",2016,6,"6. Conservative",703,"IN_SPECIFIED_SUBSTANTIVE_SCALE"
"VCF0803",2016,7,"7. Extremely conservative",166,"IN_SPECIFIED_SUBSTANTIVE_SCALE"
"VCF0803",2016,9,"9. DK; haven't thought much about it",967,"OUTSIDE_SPECIFIED_SUBSTANTIVE_SCALE"
"VCF0803",2020,0,"0. NA; no Post IW; form III,IV (1972); R not",21,"OUTSIDE_SPECIFIED_SUBSTANTIVE_SCALE"
"VCF0803",2020,1,"1. Extremely liberal",369,"IN_SPECIFIED_SUBSTANTIVE_SCALE"
"VCF0803",2020,2,"2. Liberal",1210,"IN_SPECIFIED_SUBSTANTIVE_SCALE"
"VCF0803",2020,3,"3. Slightly liberal",918,"IN_SPECIFIED_SUBSTANTIVE_SCALE"
"VCF0803",2020,4,"4. Moderate, middle of the road",1818,"IN_SPECIFIED_SUBSTANTIVE_SCALE"
"VCF0803",2020,5,"5. Slightly conservative",821,"IN_SPECIFIED_SUBSTANTIVE_SCALE"
"VCF0803",2020,6,"6. Conservative",1492,"IN_SPECIFIED_SUBSTANTIVE_SCALE"
"VCF0803",2020,7,"7. Extremely conservative",428,"IN_SPECIFIED_SUBSTANTIVE_SCALE"
"VCF0803",2020,9,"9. DK; haven't thought much about it",1203,"OUTSIDE_SPECIFIED_SUBSTANTIVE_SCALE"
"VCF0803",2024,0,"0. NA; no Post IW; form III,IV (1972); R not",70,"OUTSIDE_SPECIFIED_SUBSTANTIVE_SCALE"
"VCF0803",2024,1,"1. Extremely liberal",250,"IN_SPECIFIED_SUBSTANTIVE_SCALE"
"VCF0803",2024,2,"2. Liberal",819,"IN_SPECIFIED_SUBSTANTIVE_SCALE"
"VCF0803",2024,3,"3. Slightly liberal",543,"IN_SPECIFIED_SUBSTANTIVE_SCALE"
"VCF0803",2024,4,"4. Moderate, middle of the road",1187,"IN_SPECIFIED_SUBSTANTIVE_SCALE"
"VCF0803",2024,5,"5. Slightly conservative",594,"IN_SPECIFIED_SUBSTANTIVE_SCALE"
"VCF0803",2024,6,"6. Conservative",1030,"IN_SPECIFIED_SUBSTANTIVE_SCALE"
"VCF0803",2024,7,"7. Extremely conservative",309,"IN_SPECIFIED_SUBSTANTIVE_SCALE"
"VCF0803",2024,9,"9. DK; haven't thought much about it",719,"OUTSIDE_SPECIFIED_SUBSTANTIVE_SCALE"
"VCF0846",2004,0,"0. NA; no Post IW; abbrev. telephone IW (1984, see",9,"OUTSIDE_SPECIFIED_SUBSTANTIVE_SCALE"
"VCF0846",2004,1,"1. Yes, important",931,"IN_SPECIFIED_SUBSTANTIVE_SCALE"
"VCF0846",2004,2,"2. Little to no importance",272,"IN_SPECIFIED_SUBSTANTIVE_SCALE"
"VCF0846",2008,0,"0. NA; no Post IW; abbrev. telephone IW (1984, see",8,"OUTSIDE_SPECIFIED_SUBSTANTIVE_SCALE"
"VCF0846",2008,1,"1. Yes, important",1744,"IN_SPECIFIED_SUBSTANTIVE_SCALE"
"VCF0846",2008,2,"2. Little to no importance",565,"IN_SPECIFIED_SUBSTANTIVE_SCALE"
"VCF0846",2008,8,"8. DK",5,"OUTSIDE_SPECIFIED_SUBSTANTIVE_SCALE"
"VCF0846",2012,0,"0. NA; no Post IW; abbrev. telephone IW (1984, see",21,"OUTSIDE_SPECIFIED_SUBSTANTIVE_SCALE"
"VCF0846",2012,1,"1. Yes, important",4103,"IN_SPECIFIED_SUBSTANTIVE_SCALE"
"VCF0846",2012,2,"2. Little to no importance",1779,"IN_SPECIFIED_SUBSTANTIVE_SCALE"
"VCF0846",2012,8,"8. DK",11,"OUTSIDE_SPECIFIED_SUBSTANTIVE_SCALE"
"VCF0846",2016,0,"0. NA; no Post IW; abbrev. telephone IW (1984, see",21,"OUTSIDE_SPECIFIED_SUBSTANTIVE_SCALE"
"VCF0846",2016,1,"1. Yes, important",2781,"IN_SPECIFIED_SUBSTANTIVE_SCALE"
"VCF0846",2016,2,"2. Little to no importance",1462,"IN_SPECIFIED_SUBSTANTIVE_SCALE"
"VCF0846",2016,8,"8. DK",6,"OUTSIDE_SPECIFIED_SUBSTANTIVE_SCALE"
"VCF0846",2020,1,"1. Yes, important",5458,"IN_SPECIFIED_SUBSTANTIVE_SCALE"
"VCF0846",2020,2,"2. Little to no importance",2791,"IN_SPECIFIED_SUBSTANTIVE_SCALE"
"VCF0846",2020,8,"8. DK",31,"OUTSIDE_SPECIFIED_SUBSTANTIVE_SCALE"
"VCF0846",2024,0,"0. NA; no Post IW; abbrev. telephone IW (1984, see",26,"OUTSIDE_SPECIFIED_SUBSTANTIVE_SCALE"
"VCF0846",2024,1,"1. Yes, important",3627,"IN_SPECIFIED_SUBSTANTIVE_SCALE"
"VCF0846",2024,2,"2. Little to no importance",1867,"IN_SPECIFIED_SUBSTANTIVE_SCALE"
"VCF0846",2024,8,"8. DK",1,"OUTSIDE_SPECIFIED_SUBSTANTIVE_SCALE"
