"Election_year","Node_1","Node_2","Pair_N","Total_cells","Cells_0","Cells_1_4","Cells_5_9","Cells_10_plus","Minimum_cell","Pair_with_zero","Pair_with_1_4","Pair_with_5_9"
2004,"VCF0806","VCF0809",789,49,2,9,9,29,0,1,1,1
2004,"VCF0806","VCF0838",789,28,0,0,2,26,5,0,0,1
2004,"VCF0806","VCF0839",789,49,1,7,16,25,0,1,1,1
2004,"VCF0806","VCF0879a",789,21,0,0,3,18,5,0,0,1
2004,"VCF0806","VCF0888",789,21,0,5,1,15,1,0,1,1
2004,"VCF0806","VCF0890",789,21,0,4,3,14,1,0,1,1
2004,"VCF0806","VCF0894",789,21,0,0,1,20,9,0,0,1
2004,"VCF0806","VCF9223",789,28,0,0,0,28,12,0,0,0
2004,"VCF0809","VCF0838",789,28,0,2,0,26,1,0,1,0
2004,"VCF0809","VCF0839",789,49,2,7,11,29,0,1,1,1
2004,"VCF0809","VCF0879a",789,21,0,0,1,20,5,0,0,1
2004,"VCF0809","VCF0888",789,21,0,5,2,14,1,0,1,1
2004,"VCF0809","VCF0890",789,21,0,4,4,13,1,0,1,1
2004,"VCF0809","VCF0894",789,21,0,0,1,20,7,0,0,1
2004,"VCF0809","VCF9223",789,28,0,0,1,27,8,0,0,1
2004,"VCF0838","VCF0839",789,28,1,1,1,25,0,1,1,1
2004,"VCF0838","VCF0879a",789,12,0,0,0,12,10,0,0,0
2004,"VCF0838","VCF0888",789,12,0,1,2,9,2,0,1,1
2004,"VCF0838","VCF0890",789,12,0,0,2,10,6,0,0,1
2004,"VCF0838","VCF0894",789,12,0,0,0,12,17,0,0,0
2004,"VCF0838","VCF9223",789,16,0,0,0,16,12,0,0,0
2004,"VCF0839","VCF0879a",789,21,0,0,3,18,5,0,0,1
2004,"VCF0839","VCF0888",789,21,0,5,2,14,1,0,1,1
2004,"VCF0839","VCF0890",789,21,0,4,2,15,1,0,1,1
2004,"VCF0839","VCF0894",789,21,0,1,3,17,2,0,1,1
2004,"VCF0839","VCF9223",789,28,0,0,3,25,6,0,0,1
2004,"VCF0879a","VCF0888",789,9,0,1,0,8,4,0,1,0
2004,"VCF0879a","VCF0890",789,9,0,0,1,8,7,0,0,1
2004,"VCF0879a","VCF0894",789,9,0,0,0,9,25,0,0,0
2004,"VCF0879a","VCF9223",789,12,0,1,0,11,4,0,1,0
2004,"VCF0888","VCF0890",789,9,0,0,2,7,5,0,0,1
2004,"VCF0888","VCF0894",789,9,0,1,0,8,4,0,1,0
2004,"VCF0888","VCF9223",789,12,0,1,2,9,2,0,1,1
2004,"VCF0890","VCF0894",789,9,0,1,1,7,1,0,1,1
2004,"VCF0890","VCF9223",789,12,0,1,1,10,4,0,1,1
2004,"VCF0894","VCF9223",789,12,0,0,0,12,26,0,0,0
2012,"VCF0806","VCF0809",4353,49,0,0,0,49,14,0,0,0
2012,"VCF0806","VCF0838",4353,28,0,0,0,28,29,0,0,0
2012,"VCF0806","VCF0839",4353,49,0,1,2,46,3,0,1,1
2012,"VCF0806","VCF0879a",4353,21,0,0,0,21,60,0,0,0
2012,"VCF0806","VCF0888",4353,21,0,0,0,21,25,0,0,0
2012,"VCF0806","VCF0890",4353,21,0,0,0,21,15,0,0,0
2012,"VCF0806","VCF0894",4353,21,0,0,0,21,31,0,0,0
2012,"VCF0806","VCF9223",4353,28,0,0,0,28,64,0,0,0
2012,"VCF0809","VCF0838",4353,28,0,0,0,28,32,0,0,0
2012,"VCF0809","VCF0839",4353,49,0,1,1,47,4,0,1,1
2012,"VCF0809","VCF0879a",4353,21,0,0,0,21,68,0,0,0
2012,"VCF0809","VCF0888",4353,21,0,0,0,21,29,0,0,0
2012,"VCF0809","VCF0890",4353,21,0,0,0,21,12,0,0,0
2012,"VCF0809","VCF0894",4353,21,0,0,0,21,27,0,0,0
2012,"VCF0809","VCF9223",4353,28,0,0,0,28,69,0,0,0
2012,"VCF0838","VCF0839",4353,28,0,0,0,28,24,0,0,0
2012,"VCF0838","VCF0879a",4353,12,0,0,0,12,57,0,0,0
2012,"VCF0838","VCF0888",4353,12,0,0,0,12,47,0,0,0
2012,"VCF0838","VCF0890",4353,12,0,0,0,12,82,0,0,0
2012,"VCF0838","VCF0894",4353,12,0,0,0,12,63,0,0,0
2012,"VCF0838","VCF9223",4353,16,0,0,0,16,64,0,0,0
2012,"VCF0839","VCF0879a",4353,21,0,0,0,21,50,0,0,0
2012,"VCF0839","VCF0888",4353,21,0,0,0,21,31,0,0,0
2012,"VCF0839","VCF0890",4353,21,0,1,0,20,4,0,1,0
2012,"VCF0839","VCF0894",4353,21,0,0,1,20,6,0,0,1
2012,"VCF0839","VCF9223",4353,28,0,0,0,28,44,0,0,0
2012,"VCF0879a","VCF0888",4353,9,0,0,0,9,99,0,0,0
2012,"VCF0879a","VCF0890",4353,9,0,0,0,9,87,0,0,0
2012,"VCF0879a","VCF0894",4353,9,0,0,0,9,148,0,0,0
2012,"VCF0879a","VCF9223",4353,12,0,0,0,12,63,0,0,0
2012,"VCF0888","VCF0890",4353,9,0,0,0,9,68,0,0,0
2012,"VCF0888","VCF0894",4353,9,0,0,0,9,75,0,0,0
2012,"VCF0888","VCF9223",4353,12,0,0,0,12,60,0,0,0
2012,"VCF0890","VCF0894",4353,9,0,0,0,9,13,0,0,0
2012,"VCF0890","VCF9223",4353,12,0,0,0,12,73,0,0,0
2012,"VCF0894","VCF9223",4353,12,0,0,0,12,112,0,0,0
2016,"VCF0806","VCF0809",2709,49,0,0,6,43,6,0,0,1
2016,"VCF0806","VCF0838",2709,28,0,0,0,28,19,0,0,0
2016,"VCF0806","VCF0839",2709,49,0,0,4,45,5,0,0,1
2016,"VCF0806","VCF0879a",2709,21,0,0,0,21,34,0,0,0
2016,"VCF0806","VCF0888",2709,21,0,0,0,21,18,0,0,0
2016,"VCF0806","VCF0890",2709,21,0,1,0,20,3,0,1,0
2016,"VCF0806","VCF0894",2709,21,0,0,0,21,17,0,0,0
2016,"VCF0806","VCF9223",2709,28,0,0,0,28,22,0,0,0
2016,"VCF0809","VCF0838",2709,28,0,0,0,28,19,0,0,0
2016,"VCF0809","VCF0839",2709,49,0,2,4,43,2,0,1,1
2016,"VCF0809","VCF0879a",2709,21,0,0,0,21,22,0,0,0
2016,"VCF0809","VCF0888",2709,21,0,0,0,21,19,0,0,0
2016,"VCF0809","VCF0890",2709,21,0,1,1,19,4,0,1,1
2016,"VCF0809","VCF0894",2709,21,0,0,0,21,11,0,0,0
2016,"VCF0809","VCF9223",2709,28,0,0,0,28,22,0,0,0
2016,"VCF0838","VCF0839",2709,28,0,0,0,28,17,0,0,0
2016,"VCF0838","VCF0879a",2709,12,0,0,0,12,34,0,0,0
2016,"VCF0838","VCF0888",2709,12,0,0,0,12,23,0,0,0
2016,"VCF0838","VCF0890",2709,12,0,0,0,12,37,0,0,0
2016,"VCF0838","VCF0894",2709,12,0,0,0,12,42,0,0,0
2016,"VCF0838","VCF9223",2709,16,0,0,0,16,45,0,0,0
2016,"VCF0839","VCF0879a",2709,21,0,0,0,21,20,0,0,0
2016,"VCF0839","VCF0888",2709,21,0,0,0,21,22,0,0,0
2016,"VCF0839","VCF0890",2709,21,0,2,1,18,3,0,1,1
2016,"VCF0839","VCF0894",2709,21,0,1,1,19,4,0,1,1
2016,"VCF0839","VCF9223",2709,28,0,0,0,28,25,0,0,0
2016,"VCF0879a","VCF0888",2709,9,0,0,0,9,70,0,0,0
2016,"VCF0879a","VCF0890",2709,9,0,0,0,9,23,0,0,0
2016,"VCF0879a","VCF0894",2709,9,0,0,0,9,84,0,0,0
2016,"VCF0879a","VCF9223",2709,12,0,0,0,12,23,0,0,0
2016,"VCF0888","VCF0890",2709,9,0,0,0,9,34,0,0,0
2016,"VCF0888","VCF0894",2709,9,0,0,0,9,55,0,0,0
2016,"VCF0888","VCF9223",2709,12,0,0,0,12,23,0,0,0
2016,"VCF0890","VCF0894",2709,9,0,0,1,8,8,0,0,1
2016,"VCF0890","VCF9223",2709,12,0,0,0,12,24,0,0,0
2016,"VCF0894","VCF9223",2709,12,0,0,0,12,36,0,0,0
2020,"VCF0806","VCF0809",5390,49,0,0,0,49,10,0,0,0
2020,"VCF0806","VCF0838",5390,28,0,0,0,28,19,0,0,0
2020,"VCF0806","VCF0839",5390,49,0,1,2,46,4,0,1,1
2020,"VCF0806","VCF0879a",5390,21,0,0,0,21,71,0,0,0
2020,"VCF0806","VCF0888",5390,21,0,0,0,21,13,0,0,0
2020,"VCF0806","VCF0890",5390,21,0,0,1,20,5,0,0,1
2020,"VCF0806","VCF0894",5390,21,0,0,0,21,47,0,0,0
2020,"VCF0806","VCF9223",5390,28,0,0,0,28,19,0,0,0
2020,"VCF0809","VCF0838",5390,28,0,0,0,28,18,0,0,0
2020,"VCF0809","VCF0839",5390,49,0,2,2,45,1,0,1,1
2020,"VCF0809","VCF0879a",5390,21,0,0,0,21,72,0,0,0
2020,"VCF0809","VCF0888",5390,21,0,0,0,21,30,0,0,0
2020,"VCF0809","VCF0890",5390,21,0,0,3,18,6,0,0,1
2020,"VCF0809","VCF0894",5390,21,0,0,0,21,39,0,0,0
2020,"VCF0809","VCF9223",5390,28,0,0,0,28,17,0,0,0
2020,"VCF0838","VCF0839",5390,28,0,0,0,28,21,0,0,0
2020,"VCF0838","VCF0879a",5390,12,0,0,0,12,81,0,0,0
2020,"VCF0838","VCF0888",5390,12,0,0,0,12,24,0,0,0
2020,"VCF0838","VCF0890",5390,12,0,0,0,12,67,0,0,0
2020,"VCF0838","VCF0894",5390,12,0,0,0,12,71,0,0,0
2020,"VCF0838","VCF9223",5390,16,0,0,0,16,65,0,0,0
2020,"VCF0839","VCF0879a",5390,21,0,0,0,21,39,0,0,0
2020,"VCF0839","VCF0888",5390,21,0,0,0,21,15,0,0,0
2020,"VCF0839","VCF0890",5390,21,0,0,2,19,6,0,0,1
2020,"VCF0839","VCF0894",5390,21,0,0,1,20,9,0,0,1
2020,"VCF0839","VCF9223",5390,28,0,0,0,28,22,0,0,0
2020,"VCF0879a","VCF0888",5390,9,0,0,0,9,66,0,0,0
2020,"VCF0879a","VCF0890",5390,9,0,0,0,9,53,0,0,0
2020,"VCF0879a","VCF0894",5390,9,0,0,0,9,171,0,0,0
2020,"VCF0879a","VCF9223",5390,12,0,0,0,12,36,0,0,0
2020,"VCF0888","VCF0890",5390,9,0,0,0,9,43,0,0,0
2020,"VCF0888","VCF0894",5390,9,0,0,0,9,95,0,0,0
2020,"VCF0888","VCF9223",5390,12,0,0,0,12,21,0,0,0
2020,"VCF0890","VCF0894",5390,9,0,0,0,9,18,0,0,0
2020,"VCF0890","VCF9223",5390,12,0,0,0,12,53,0,0,0
2020,"VCF0894","VCF9223",5390,12,0,0,0,12,58,0,0,0
2024,"VCF0806","VCF0809",3525,49,0,0,2,47,8,0,0,1
2024,"VCF0806","VCF0838",3525,28,0,0,1,27,6,0,0,1
2024,"VCF0806","VCF0839",3525,49,0,1,2,46,3,0,1,1
2024,"VCF0806","VCF0879a",3525,21,0,0,0,21,47,0,0,0
2024,"VCF0806","VCF0888",3525,21,0,0,0,21,10,0,0,0
2024,"VCF0806","VCF0890",3525,21,0,0,0,21,10,0,0,0
2024,"VCF0806","VCF0894",3525,21,0,0,0,21,34,0,0,0
2024,"VCF0806","VCF9223",3525,28,0,0,0,28,32,0,0,0
2024,"VCF0809","VCF0838",3525,28,0,1,0,27,2,0,1,0
2024,"VCF0809","VCF0839",3525,49,0,4,2,43,3,0,1,1
2024,"VCF0809","VCF0879a",3525,21,0,0,0,21,52,0,0,0
2024,"VCF0809","VCF0888",3525,21,0,0,0,21,17,0,0,0
2024,"VCF0809","VCF0890",3525,21,0,0,1,20,5,0,0,1
2024,"VCF0809","VCF0894",3525,21,0,0,0,21,26,0,0,0
2024,"VCF0809","VCF9223",3525,28,0,0,0,28,19,0,0,0
2024,"VCF0838","VCF0839",3525,28,0,0,0,28,11,0,0,0
2024,"VCF0838","VCF0879a",3525,12,0,0,0,12,22,0,0,0
2024,"VCF0838","VCF0888",3525,12,0,0,0,12,11,0,0,0
2024,"VCF0838","VCF0890",3525,12,0,0,0,12,37,0,0,0
2024,"VCF0838","VCF0894",3525,12,0,0,0,12,37,0,0,0
2024,"VCF0838","VCF9223",3525,16,0,0,0,16,28,0,0,0
2024,"VCF0839","VCF0879a",3525,21,0,0,0,21,33,0,0,0
2024,"VCF0839","VCF0888",3525,21,0,0,0,21,13,0,0,0
2024,"VCF0839","VCF0890",3525,21,0,1,1,19,4,0,1,1
2024,"VCF0839","VCF0894",3525,21,0,0,0,21,12,0,0,0
2024,"VCF0839","VCF9223",3525,28,0,0,0,28,23,0,0,0
2024,"VCF0879a","VCF0888",3525,9,0,0,0,9,66,0,0,0
2024,"VCF0879a","VCF0890",3525,9,0,0,0,9,39,0,0,0
2024,"VCF0879a","VCF0894",3525,9,0,0,0,9,123,0,0,0
2024,"VCF0879a","VCF9223",3525,12,0,0,0,12,62,0,0,0
2024,"VCF0888","VCF0890",3525,9,0,0,0,9,19,0,0,0
2024,"VCF0888","VCF0894",3525,9,0,0,0,9,36,0,0,0
2024,"VCF0888","VCF9223",3525,12,0,0,0,12,25,0,0,0
2024,"VCF0890","VCF0894",3525,9,0,0,0,9,17,0,0,0
2024,"VCF0890","VCF9223",3525,12,0,0,0,12,35,0,0,0
2024,"VCF0894","VCF9223",3525,12,0,0,0,12,90,0,0,0
